ID,LAT,LON,ADDRESS,PHONE
BEDOK  CENTRAL CLINIC,103.932493034945,1.32587565153944,161 BEDOK NORTH STREET 1,62424489
BEDOK CLINIC &amp; SURGERY(Family Medical Centre),103.935563486314,1.3201488295672,565 BEDOK SOUTH RD,62410943
BEDOK FAMILY CLINIC &amp; SURGERY,103.934249434387,1.3274929550221,17 BEDOK NORTH ST 1,64410236
Duxton Medical Clinic,103.84311774345,1.27712012192348,106 TANJONG PAGAR PLAZA,65383573
E MEDICAL CLINIC &amp; SURGERY,103.845130852041,1.33781465664352,567 LORONG 1 TOA PAYOH,63569391
E. L. CHIN FAMILY CLINIC &amp; SURGERY PTE. LTD.,103.762740587674,1.314020576476,272 CLEMENTI AVE 3,67775182
E.C. NG MEDICAL CENTRE,103.856924681479,1.31291563996607,01 MARNE ROAD,62960947
E.J. TAN CLINIC &amp; SURGERY,103.737623303578,1.33658465341602,100 JURONG EAST ST 13,6560660
EAST COAST FAMILY CLINIC,103.894446070261,1.29769266267856,05 MEYER ROAD,64404556
EAST COAST MEDICAL CENTRE,103.941288714677,1.32371678657033,1374 NEW UPPER CHANGI RD,64430109
EASTERN CLINIC &amp; SURGERY PTE LTD,103.742159955431,1.33997597903888,316 JURONG EAST STREET 21,65614458
EASTERN CLINIC &amp; SURGERY PTE LTD,103.73056069188,1.34750822879335,48 JURONG EAST STREET 31,65631206
EASTERN CLINIC AND DENTAL SURGERY,103.735622181592,1.34485611221106,92 JURONG EAST ST 32,65622941
EASTERN MEDICAL CENTRE,103.914941831149,1.33295923548387,896 BEDOK RESERVOIR RD,64487628
EC Family Clinic,103.903626851637,1.31983834679517,17/18 EUNOS CRESCENT,67426103
EDGEDALE MEDICAL CLINIC,103.90910656253,1.39350981246833,187 EDGEDALE PLAINS,66352272
EE CLINIC,103.843546990564,1.37083202822057,1859 ANG  MO KIO AVE 3,64521042
EHA CLINIC @ Jurong,103.725180466271,1.34994543580274,40 JURONG WEST STREET 41,65660257
EHA clinic @ Toa Payoh,103.856789628566,1.33575723636783,250 LORONG 7 TOA PAYOH,62553360
EJ FAMILY CLINIC &amp; SURGERY,103.846202461177,1.34123727109375,314 TOA PAYOH LOR 1,63530811
Famicare Bedok Clinic,103.945086743402,1.31873582672594,581 Bedok South Avenue 3,64428373
Family Doctors at 365,103.720184719407,1.33772592748438,407 CORPORATION DRIVE,62652968
Family Medicine Clinic Chinatown,103.844697080902,1.28499882861864,09/10 NEW BRIDGE ROAD,62255155
Fernvale Family Clinic,103.873437403062,1.38919466650273,101 FERNVALE LANE,68756182
First Light Family Clinic &amp; Surgery,103.757864718234,1.34879030670748,72 Bukit Batok East Avenue 4,65603930
Foo And Ong Family Clinic Pte. Ltd.,103.744211484367,1.34874703498846,256 BUKIT BATOK ST 11,65672212
Frontier Family Medicine Clinic,103.76514748726,1.31427043905407,01 COMMONWEALTH AVENUE WEST,67788362
Frontier Medical Associates,103.703395356357,1.34486489516106,347 JURONG WEST STREET 64,68622340
Frontier Medical Associates,103.827679720277,1.28994618492172,02 HAVELOCK ROAD,66843770
Frontier People's Clinic,103.937343348132,1.32919868633239,152 BEDOK NORTH STREET 2,64430261
Fullerton Healthcare,103.801264139133,1.27398640019561,18 ALEXANDRA ROAD,62733366
Fullerton Healthcare @ Drs Trythall Hoy Davies,103.706685012636,1.33945271689006,19B JURONG WEST CENTRAL 2,67930611
Fullerton Healthcare @ Gethin-Jones,103.845282166221,1.27320921267254,01 SHENTON WAY,62278900
HONG ASSOCIATES CLINIC,103.826185854452,1.28032113582157,1682 JLN BUKIT MERAH,62702233
HONG FAMILY CLINIC,103.952436775108,1.34775409914643,300 TAMPINES ST 22,67843300
HONG'S CLINIC PEOPLE'S PARK CENTRE,103.843980123077,1.28577009942868,37 UPPER CROSS STREET,65352169
HOPE FAMILY CLINIC AND SURGERY,103.790548014868,1.4427533323449,470 WOODLANDS ST 82,63691328
HUAN CLINIC,103.842029779252,1.28740300821015,111 CHIN SWEE ROAD,65357628
HUI CLINIC + SURGERY,103.839395071325,1.37530562129985,566 ANG MO KIO AVE 4,64588596
HWANG &amp; LIANG FAMILY CLINIC &amp; SURGERY,103.95335936462,1.36092283905744,173 TAMPINES ST 44,67888888
Halley Medical Clinic,103.879472338027,1.37571530662888,21 HOUGANG STREET 91,63122632
Hamid Family Clinic &amp; Surgery,103.962895349626,1.36408364491708,35 Pasir Ris St 13,65848804
Health First Family Clinic,103.825595753279,1.28263437658664,06 JALAN MEMBINA,67932833
HealthMatters - The Family Practice,103.955150659162,1.38017750133544,"101 Pasir Ris Close,",65557555
HealthMed Family Clinic (Bukit Panjang),103.768454110363,1.38319686720496,50 Saujana Road,67604321
Healthmark Family Clinic (Compassvale),103.896042267939,1.39484816497756,02/03 Compassvale Street,68810075
Healthmark Family Medicine Clinic,103.744921736282,1.39693363037596,09 Choa Chu Kang St 62,67672281
Healthmark Medical Clinic,103.916054652799,1.39944615058876,06 Punggol Drive,68756696
Healthmark Pioneer Mall Clinic,103.697174842354,1.34169239237839,08 Jurong West Street 61,68613100
Healthpath Medical Clinic and Surgery,103.848986957423,1.36389570194327,1651 ANG MO KIO AVENUE 1,64832556
Healthsprings Medical Associates,103.830722581301,1.30508722668101,02 ORCHARD RD,67345260
Healthway Compassvale Clinic,103.89704655689,1.38374441791254,04 Compassvale Link,63438770
Healthway Hougang Central Clinic,103.893775562591,1.37249493836103,06 Hougang Avenue 10,63437620
Healthway Medical Centre,103.843850630725,1.31996748427173,32A Thomson Road,63528696
Healthway Punggol Clinic,103.913047323352,1.39423719658921,07A Punggol Field,63159493
Healthway Tampines Central Clinic,103.945102946946,1.35580335647527,311 Tampines Central 1,67890383
Healthway Toa Payoh Clinic,103.848854818027,1.33390034090032,130 Toa Payoh Central,62553773
Healthway West Coast Clinic,103.76408196206,1.30428710743694,258 Clementi West  Street 2,67745901
Healthwerkz Medical Centre (CCK),103.744889593655,1.38109065346161,199 CHOA CHU KANG CENTRAL,67662827
Healthwerkz Medical Centre@ Semb MRT,103.820139486431,1.44902668521495,09 CANBERRA ROAD,67557115
Healthwerkz medical centre @ orchard,103.832128173794,1.30654704702007,02 SCOTTS ROAD,64438322
Heartland Family Clinic,103.845790190573,1.43188998725803,167 YISHUN STREET 31,62500655
Heng Clinic &amp; Surgery,103.922835002295,1.33802585644571,3183 BEDOK RESERVOIR ROAD,64486365
EXCEL FAMILY CLINIC,103.88783201701,1.37924529078284,06 HOUGANG ST 51,63865278
EXCELSIOR CLINIC &amp; SURGERY,103.757539380941,1.3469436573916,261 BT BATOK EAST AVE 3,65673822
Elyon Family Clinic And Surgery,103.808335234688,1.27363296004387,22 TELOK BLANGAH STREET 32,65827112
Etern Medical Clinic,103.902044299945,1.40439782610238,05 PUNGGOL CENTRAL,64259935
Etern Medical Clinic (Fernvale Palm),103.877202311346,1.39475047621029,03 SENGKANG WEST WAY,66047224
Etern Medical Clinic (Sengkang),103.876125506847,1.39147015412056,33 SENGKANG WEST AVENUE,64257255
Eterna Medical Clinic,103.840408652686,1.38010475022232,994 ANG MO KIO AVENUE 4,68023050
FABER CLINIC &amp; SURGERY,103.759312529557,1.31231254732582,284 WEST COAST DR,67767723
FAITH CLINIC (RIVERVALE),103.904483668484,1.39250411008736,10 RIVERVALE CRESCENT,63157879
FAITH CLINIC (SIMEI),103.956561347989,1.34668351018393,10 SIMEI ST 1,67884303
FAITH CLINIC (TOA PAYOH),103.853768900177,1.34042178823147,19 TOA PAYOH LOR 8,62527896
FAITH FAMILY CLINIC,103.91548479998,1.3065125733947,113 MARINE TERRACE,64466326
FAITH FAMILY CLINIC (JURONG),103.697732090659,1.34874357157025,316 JURONG WEST ST 75,67916780
FAITH MEDICAL CLINIC &amp; SURGERY,103.957884241959,1.36075820420013,103 TAMPINES ST 45,67881061
FAMILY HEALTH CLINIC,103.792897574707,1.30743411127267,65 Holland Drive,67777933
FAMILY HEALTH CLINIC &amp; SURGERY,103.842935479988,1.3258962022207,651 BALESTIER ROAD,62542440
EL SHADDAI ARTHRITIS + RHEUMATISM SPECIALIST MEDICAL CENTRE,103.862002015014,1.32058609482484,258 TOWNER ROAD,63966966
ELIAS FAMILY CLINIC &amp; SURGERY,103.941978174961,1.37860239755801,320 ELIAS RD,65847760
EMMANUEL MEDICAL CLINIC,103.95028148718,1.3491594181563,26 TAMPINES ST 22,67810810
ESSENTIAL FAMILY CLINIC &amp; SURGERY,103.800131263153,1.43409799393417,01 WOODLANDS DR 52,63668057
ESTHER YEO CLINIC,103.738263366894,1.34416527281372,389 JURONG EAST ST 24,65652822
EVANGEL MEDICAL CLINIC,103.924803599547,1.32727572409536,01 CHAI CHEE RD,64490555
EVERHEALTH FAMILY CLINIC &amp; SURGERY,103.697732090659,1.34874357157025,290 JURONG WEST ST 75,67933113
EVERHEALTH MEDICAL CENTRE,103.891282466742,1.37781568096981,1235 HOUGANG AVE 8,63850815
EVERTON CLINIC,103.838680470879,1.27692434457491,17 EVERTON PARK,62207872
EVERWELL CLINIC &amp; SURGERY,103.850825476113,1.31559567557526,289 OWEN RD,62969429
FIRST MEDICAL CLINIC &amp; SURGERY,103.775884057974,1.43359370625896,11 WOODLANDS ST 11,63680111
FONG CLINIC,103.802856952292,1.29225467170287,361 MEI LING ST,64745993
FOO CLINIC,103.69148311528,1.34201784066018,306 JURONG WEST ST 91,67918853
FRIENDSHIP CLINIC &amp; SURGERY,103.808242400061,1.2864535401328,4524 JALAN BUKIT MERAH,62726628
FRONTIER MEDICAL ASSOCIATES,103.751091825782,1.3566514679973,64 BUKIT BATOK STREET 51,65665773
FRONTIER MEDICAL ASSOCIATES,103.879309094037,1.38085035421396,03 BUANGKOK CRESCENT,63152913
FRONTIER MEDICAL ASSOCIATES,103.838176471518,1.37354853932337,426 ANG MO KIO AVE 4,64532571
FRONTIER MEDICAL ASSOCIATES,103.901228610039,1.32955256814087,87 UBI AVENUE 1,67460909
FRONTIER MEDICAL ASSOCIATES,103.795261266783,1.43656985620831,296 WOODLANDS DR 50,63663631
FRONTIER MEDICAL ASSOCIATES,103.840410312781,1.42305346406082,437 YISHUN AVE 4,67587536
FULLERTON HEALTH @ DRS TRYTHALL HOY DAVIES,103.834676124776,1.3024241718604,01/07/08 ORCHARD ROAD,68365242
HEALTHWAY MEDICAL CLINIC,103.848149743075,1.27826614329676,02/03 ROBINSON ROAD,62202383
HEALTHWAY MEDICAL CLINIC,103.793463530856,1.30762004868434,07 HOLLAND DRIVE,67789793
HEALTHWAY MEDICAL CLINIC,103.861087462865,1.3194253904476,236 TOWNER ROAD,62977592
HEALTHWAY MEDICAL CLINIC,103.949265084047,1.37300805043185,20 PASIR RIS CENTRAL,65820601
HEALTHWAY MEDICAL CLINIC,103.95358649146,1.35226231434868,1143 TAMPINES STREET 21,62608801
HEALTHWAY MEDICAL CLINIC,103.827667722133,1.43053575388506,15 YISHUN AVENUE 5,67551345
HEALTHWAY MEDICAL CLINIC,103.742766489695,1.33415752021713,32 Gateway Drive,65606127
HEALTHWAY MEDICAL CLINIC,103.901262391636,1.40230301339403,874 PUNGGOL PLACE,66948581
HEALTHWAY MEDICAL CLINIC,103.90788487878,1.33447671809862,129 JALAN DAMAI,67427994
HEALTHWAY MEDICAL CLINIC,103.833450479218,1.42751898225033,230 YISHUN STREET 72,67599181
HEALTHWAY MEDICAL CLINIC,103.819502127479,1.44819535415086,20 SEMBAWANG DRIVE,65551445
HEALTHWISE MEDICAL CLINIC &amp; SURGERY,103.884763845833,1.30782736795207,07 JALAN TIGA,62412889
HL CLINIC PTE LTD,103.819408460582,1.27740785896818,135 TELOK BLANGAH CRESCENT,62721986
HL FAMILY CLINIC &amp; SURGERY(BEDOK) PTE LTD,103.938051284815,1.33233468345251,83 BEDOK NORTH STREET 4,64420494
HO MEDICAL CENTRE PTE LTD,103.771350557955,1.31427860262579,115 CLEMENTI AVENUE 2,64748923
HO TONG CLINIC,103.886010316195,1.3291589965127,448 CIRCUIT RD,67456517
BEDOK FAMILY MEDICINE CENTRE,103.927368762297,1.3260583722579,563 BEDOK NORTH STREET 1,62432522
BEDOK LIFE CLINIC,103.937343348132,1.32919868633239,160 BEDOK NORTH ST 2,64431398
BEDOK MEDICAL CENTRE,103.934734222326,1.32062504896158,57 BEDOK SOUTH RD,62414111
BEWELL CLINIC,103.865457577136,1.37703825541135,01 ANG MO KIO AVENUE 5,65559038
BISHAN GRACE CLINIC,103.855215218471,1.344529436863,151 BISHAN STREET 11,62542232
BL MEDICAL ASSOCIATES,103.781322066766,1.28898578196051,07 SCIENCE PARK ROAD,67782010
BOK FAMILY CLINIC  PTE LTD,103.908688936297,1.3314132488747,58 BEDOK RESERVOIR ROAD,67478200
BOON KENG CLINIC &amp; SURGERY,103.87091403107,1.31423937057141,919 UPPER BOON KENG RD,67465456
BOON LAY CENTRAL CLINIC,103.712429315355,1.34634819655622,242 BOON LAY PLACE,62655996
BOON LAY CLINIC &amp; SURGERY,103.712429315355,1.34634819655622,240/244 BOON LAY PLACE,62655247
BUKIT BATOK MEDICAL CLINIC,103.749382188619,1.34624866175981,114 BUKIT BATOK ST 21,65603311
BUKIT PANJANG FAMILY CLINIC,103.766228468168,1.38540569301021,13 JELAPANG ROAD,67636838
BUKIT TIMAH NAM SANG  CLINIC,103.773237378194,1.34055530617369,&lt;Null&gt; JLN JURONG KECHIL,64690760
BVH Community and Continuing Care Clinic,103.87803114664,1.3720370100969,&lt;Null&gt; LORONG NAPIRI,62485755
Balestier Clinic and Health Screening Centre,103.852526109276,1.32129563262185,04 Balestier Road,62588798
Banyan Clinic Pte Ltd.,103.798140993881,1.44562290748691,04 Woodlands Avenue 6,63652001
Bedok Day &amp; Night Clinic,103.930036524412,1.32856421162875,85 BEDOK NORTH AVENUE 2,64441104
Bewell Clinic @ Dorm Pte Ltd,103.751872040865,1.33649931574955,01 TOH GUAN ROAD EAST,65656338
Bless Medical Centre Pte Ltd,103.712429315355,1.34634819655622,108 BOON LAY PLACE,62664119
C &amp; K FAMILY CLINIC PTE LTD,103.929305198291,1.3131693421647,&lt;Null&gt; UPPER EAST COAST ROAD,62429588
C H TAN MEDICAL CLINIC &amp; DENTAL SURGERY,103.741742087355,1.34634407478677,259 BT BATOK WEST AVE 8,65618712
C K TAN FAMILY CLINIC &amp; SURGERY PTE LTD,103.845737117485,1.3383313342587,537 TOA PAYOH LOR 1,62514438
C Y KOK CLINIC &amp; SURGERY,103.839395071325,1.37530562129985,562 ANG MO KIO AVE 4,64584777
C.M.C. WONG BINJAI CLINIC,103.786854059334,1.3362238417194,&lt;Null&gt; BINJAI PARK,64693737
CARE MEDICAL CLINIC,103.886367847372,1.373312700838,931 HOUGANG AVE 8,63872272
CARITAS CLINIC,103.901228610039,1.32955256814087,127 UBI AVE 1,67489284
CASHEW MEDICAL &amp; SURGERY,103.77076830515,1.3835804459358,522 FAJAR RD,67634255
CASSIA CLINIC &amp; SURGERY,103.884471780069,1.30964078460678,76 CASSIA CRESCENT,63464260
CCK FAMILY CLINIC,103.743145847094,1.38449608058321,653 CHOA CHU KANG AVE 4,68910338
CECILIA FAMILY CLINIC &amp; SURGERY,103.952639447158,1.36189785903623,224 TAMPINES ST 43,67883812
CENTRAL 24-HR CLINIC (BEDOK),103.932954350489,1.32500585251019,124 BEDOK CENTRAL,62476122
CENTRAL 24-HR CLINIC (HOUGANG),103.885679159796,1.37297840263119,831 HOUGANG AVE 8,63876965
CENTRAL 24-HR CLINIC (PASIR RIS),103.957726864829,1.37030619330394,122 PASIR RIS DRIVE 6,65822640
CENTRAL 24-HR CLINIC (WOODLANDS),103.798140993881,1.44562290748691,06A WOODLANDS AVENUE 6,63654895
CENTRAL 24-HR CLINIC (YISHUN),103.827943218947,1.42987845479234,04 YISHUN AVE 5,67597985
CENTRAL MEDICAL GROUP PTE LTD,103.808963346658,1.28662190371869,4442 JALAN BUKIT MERAH,62722212
CENTRAL@NOVENA ( MEDICAL CLINIC ),103.844160737727,1.32070490276365,02 SINARAN DRIVE,63876787
CHAI CHEE CLINIC &amp; SURGERY,103.924149636196,1.32328959901674,453 CHAI CHEE RD,62441231
CHAN FAMILY CLINIC,103.901515916912,1.304097311677,81H MOUNTBATTEN ROAD,63454683
CHANG CLINIC,103.77860007818,1.33875930772772,08/09/10 JLN ANAK BUKIT,64663811
CHANG CLINIC &amp; SURGERY,103.838680470879,1.27692434457491,21 EVERTON PARK,62216955
CHARIS CLINIC &amp; SURGERY,103.9460006915,1.34962151471657,295 TAMPINES ST 12,67822332
CHEN FAMILY CLINIC,103.872312298307,1.36995099695447,490 SERANGOON NORTH AVE 1,62812212
FAMILY HEALTH MEDICAL CENTRE,103.839861074062,1.36682590272912,681 ANG MO KIO AVE 1,64541980
FAMILY HEALTHCARE CLINIC &amp; SURGERY,103.873778334173,1.36934534973631,35 SERANGOON NORTH AVE 2,62889557
FAMILY LIFE CLINIC,103.76408196206,1.30428710743694,264 CLEMENTI WEST ST 2,67744678
FAMILY MEDICAL CLINIC PTE LTD,103.757044584459,1.34770147779419,317 BT BATOK EAST AVE 3,65676775
FAMILY MEDICARE CLINIC &amp; SURGERY,103.847899479496,1.37234984800162,2815 ANG MO KIO AVE 8,64566582
FAMILY MEDICINE CLINIC,103.914026029639,1.30611781278766,65 MARINE TERRACE,64491606
FAMILYCARE CLINIC &amp; SURGERY,103.847479439025,1.33628570923859,380 TOA PAYOH LOR 4,62509033
FEMA CLINIC &amp; SURGERY,103.844160737727,1.32070490276365,20 SINARAN DRIVE,68543720
FIRST CARE FAMILY CLINIC &amp; SURGERY,103.736785753592,1.34318835753283,257 JURONG EAST ST 24,64252350
FIRST MEDICAL CENTRE (YISHUN) PTE LTD,103.828993389454,1.43376057974278,399 YISHUN RING RD,67591485
FIRST MEDICAL CENTRE PTE LTD,103.803105949038,1.29043486494363,1165 STIRLING ROAD,64768588
Chua Medical Centre Pte Ltd,103.95361721727,1.34349804589631,134 Simei St 3,67853825
Chungkiaw Clinic Pte Ltd,103.776306395178,1.34101898779611,&lt;Null&gt; UPPER BUKIT TIMAH ROAD,64662255
Clinic@Costa,103.940116990924,1.31218816522604,36 BAYSHORE ROAD,62433638
Clover Medical Clinic Pte Ltd,103.746636294808,1.39706598488537,25 CHOA CHU KANG NORTH 6,65094480
Corporation Clinic (Choa Chu Kang),103.744393648371,1.37736607411233,21 Choa Chu Kang Ave 1,67643085
DAILY MEDICAL CENTRE,103.879517231861,1.35144832553127,17 HOUGANG STREET 11,62843218
DAYSPRING MEDICAL CLINIC (PASIR RIS),103.949715695148,1.37244981704717,08/09 PASIR RIS CENTRAL ST 3,65850123
DAYSPRING MEDICAL CLINIC (TAMPINES),103.943793642613,1.35236213322327,24 TAMPINES CENTRAL 5,67890123
DOCTORS INC MEDICAL GROUP,103.848704963536,1.3329791344354,590 TOA PAYOH LORONG 6,63563633
"DOCTORS KOO, LOH &amp; ASSOCIATES (PTE) LTD",103.720708632127,1.32707670705491,03 YUNG HO RD,62665939
DR LIM LEAN HUAT &amp; ASSOCIATES PTE LTD,103.848408631153,1.27698070731188,03 SHENTON WAY,63238611
DR SOH FAMILY CLINIC,103.692916978325,1.34170245992172,221 JURONG WEST STREET 93,67917735
"DRS KOO, FOK &amp; ASSOCIATES PTE LTD",103.693800438843,1.32873209074303,01 KIAN TECK AVE,62613629
"DRS OH, LIM, WONG &amp; PARTNERS",103.690721731343,1.3414812356099,154 JURONG WEST ST 92,67913988
"DRS SINGH &amp; PARTNERS, RAFFLES CITY MEDICAL CENTRE",103.8527683243,1.29376028146849,16 NORTH BRIDGE RD,63388883
DRS TANG &amp; PARTNERS PTE. LTD.,103.722451247982,1.33237347600107,115 YUNG KUANG ROAD,62656077
Dawson Medical Clinic,103.809758591462,1.29531966312392,05 DAWSON ROAD,62502022
Doctors Clinic &amp; Surgery,103.774102413755,1.430361457937,91 Woodlands Street 31,62691017
Dover Clinic and Surgery Pte Ltd,103.781779696786,1.30446092684655,89 DOVER CRESCENT,67757410
Dr Gary's Family Clinic,103.826764453903,1.29113483647826,523 INDUS ROAD,68039375
Dr Jeremy Chan Medical Clinic,103.845703844549,1.3386490177809,493 LORONG 1 TOA PAYOH,62504191
Dr Nah &amp; Lee Family Clinic,103.801057143564,1.44834155018478,03 WOODLANDS CRESCENT,62501528
Dr Steven Ang Aesthetic &amp; Family Clinic,103.815711568942,1.28846476848251,112 Redhill Road,64767333
Dr W.K. Koo &amp; Associates P.L.,103.706685012636,1.33945271689006,16A&amp;B JURONG WEST CENTRAL 2,67922669
Fullerton Healthcare @ Metropolis,103.791237458059,1.30624556797829,03 NORTH BUONA VISTA DRIVE,63395938
G &amp; H MEDICAL CLINIC PTE LTD,103.827452004281,1.43147861410614,173 YISHUN RING ROAD,67586322
G S CLINIC &amp; SURGERY,103.841432372506,1.37992681961032,960 ANG MO KIO AVE 4,64568967
Hill Spring Medical,103.829175544668,1.37154715175698,&lt;Null&gt; JALAN LEBAN,64563200
Hisemainn Medical Clinic (Bukit Batok),103.759431387572,1.34417029371898,160 BUKIT BATOK ST 25,65691375
Hisemainn Medical Clinic (Jurong West),103.703725312401,1.35361178019948,06 JURONG WEST ST 25,67958990
Hisemainn Medical Clinic (Sims Place),103.879439510395,1.31775559818027,167 Sims Place,67424413
Holland Medical Clinic,103.797080329535,1.30697526841744,231 HOLLAND CLOSE,62620364
Horizon Medical Centre,103.836053648693,1.35184499140032,11 Upper Thomson Road,62502692
Hua Mei Clinic,103.82686027983,1.2861397102619,01 TO 06 TIONG BAHRU ROAD,65939530
ICON MEDICAL CLINIC,103.71972430603,1.34584959191174,101 JURONG WEST ST 52,65600521
ISLAND FAMILY CLINIC (FERNVALE),103.881232764558,1.39785974899095,03 FERNVALE STREET,64813740
Island Family Clinic (Bedok),103.93483060668,1.33607209518453,283 BEDOK RESERVOIR VIEW,62435871
Island Family Clinic (Sengkang),103.892995495589,1.38621835559423,05 SENGKANG EAST AVENUE,63842759
JALAN KUKOH CLINIC,103.839614514953,1.28857969896825,149 JALAN KUKOH,66840256
JAPAN CLINIC AND SURGERY,103.860064307093,1.3074201523882,55 FRENCH RD,62984517
JJ CLINIC &amp; SURGERY,103.837381409799,1.37138400101401,150 ANG MO KIO AVENUE 4,64595594
JO-LIN FAMILY CLINIC &amp; SURGERY,103.743099573448,1.39207388666958,29 CHOA CHU KANG ST 51,67606014
JOY CLINIC AND SURGERY,103.835446503405,1.41562517359538,164 YISHUN ST 81,67530702
JOY FAMILY CLINIC,103.91989305506,1.33716507465087,3506 BEDOK RESERVOIR ROAD,64422483
JOYSPRING FAMILY CLINIC,103.842644163602,1.37113968579541,1643 ANG MO KIO AVE 3,64551560
JUBILEE FAMILY PHYSICIANS,103.964632224965,1.36707357511667,327 PASIR RIS ST 21,65821883
JURONG EAST CLINIC,103.734609974421,1.33921386441289,406 JURONG EAST ST 13,65608004
JW Corporation Clinic Pte Ltd,103.71842993374,1.34902708947237,156 Jurong West Street 52,65646745
Jane &amp; Lee Sembawang Family Clinic,103.815580869089,1.45603699743096,23 Admiralty Link,68537677
Joash Family Clinic &amp; Surgery,103.888536901518,1.36298113879056,&lt;Null&gt; UPPER SERANGOON ROAD,62827371
JoyHealth Medical Clinic &amp; Surgery,103.932787707033,1.34943750949228,50 Tampines Street 81,67811868
Jurong Day &amp; Night Clinic,103.692916978325,1.34170245992172,219 JURONG WEST STREET 93,67922257
K L TAY CLINIC &amp; SURGERY,103.914145075391,1.33205094619341,822 BEDOK RESERVOIR RD,64481630
K N CHIN &amp; ASSOCIATES PTE LTD,103.85213030789,1.28385590692706,18 RAFFLES PLACE,65389533
G.I.F.T MEDICAL CENTRE,103.878829907545,1.33317933421799,&lt;Null&gt; UPPER ALJUNIED RD,62861923
GARDEN CLINIC,103.867773013652,1.35381345318239,04 SERANGOON AVE 2,63821878
GEYLANG BAHRU CLINIC,103.871651573599,1.31543175845127,1093 UPPER BOON KENG RD,67480316
GOH CLINIC &amp; SURGERY,103.884988426823,1.35881911518774,101 HOUGANG ST 21,63863836
GOH CLINIC + SURGERY,103.757539380941,1.3469436573916,271 BT BATOK EAST AVE 3,65676368
GRACE CLINIC &amp; SURGERY,103.838816721494,1.38046758627431,1295 ANG MO KIO AVE 4,64584280
GREAT HEALTH MEDICAL CLINIC,103.855247666969,1.36191347168163,749 ANG MO KIO AVENUE 10,64561767
GREEN CROSS MEDICAL CENTRE,103.932714940567,1.34903743492211,30 TAMPINES ST 81,67813011
GREENLIFE CLINIC &amp; SURGERY,103.820139486431,1.44902668521495,01 CANBERRA RD,67562676
GREENLIFE CLINIC &amp; SURGERY,103.747084778715,1.39804736110429,230 CHOA CHU KANG STREET 62,67606087
GREENLINK MEDICAL CLINIC,103.831578419639,1.41649875780032,4213 YISHUN RING ROAD,67552238
GSH CLINIC &amp; SURGERY PTE. LTD.,103.933499179713,1.35670606459291,51 TAMPINES STREET 71,62605942
Gerrard Teoh Hematology &amp; Medical Clinic,103.844160737727,1.32070490276365,34 SINARAN DRIVE,63976850
H S LEE CLINIC &amp; SURGERY,103.831120689791,1.43706628201829,823 YISHUN AVE 7,67550630
HARMONY FAMILY CLINIC,103.748749195678,1.37975664384865,25 CHOA CHU KANG CENTRAL,67623979
HAVELOCK FAMILY CLINIC,103.828824191963,1.28874603715135,709 HAVELOCK RD,62724242
HEAL MEDICAL CENTRE,103.86951904646,1.31658982742732,01/02 BALESTIER ROAD,62509550
HEALTH PARTNERS FAMILY CLINIC,103.749244800522,1.35001920876253,37 BT BATOK CENTRAL LINK,68989031
HEALTH PARTNERS MEDICAL CLINIC,103.84895825088,1.28113561690088,01 Cecil Street,62255036
HEALTH PARTNERSHIP MEDICAL CENTRE,103.825310761058,1.27392939913319,145 BUKIT PURMEI RD,62782860
HEALTHLINK(AMK) MEDICAL CENTRE,103.838201939907,1.37096635229776,86 ANG MO KIO AVE 4,64571636
HEALTHBRIDGE FAMILY CLINIC,103.904483668484,1.39250411008736,16 RIVERVALE CRESCENT,64897495
HEALTHCARE FAMILY CLINIC &amp; SURGERY,103.833597999284,1.36287359265045,311 SIN MING AVE,64542373
HEALTHCARE MEDICAL CENTRE,103.894858215018,1.36567073080446,191 HOUGANG AVE 5,62881426
HEALTHLINE FAMILY CLINIC &amp; SURGERY PTE. LTD.,103.924149636196,1.32328959901674,467 CHAI CHEE ROAD,64463260
HEALTHLINK MEDICAL CLINIC &amp; SURGERY,103.879898474189,1.33372866023635,46 UPPER ALJUNIED LANE,62890885
HEALTHMARK CLINIC (PASIR RIS),103.936574613556,1.37966812078362,314 PASIR RIS STREET 72,65827823
HEALTHMARK FAMILY CLINIC (WATERWAY),103.911991277445,1.40566048084717,04 EDGEFIELD PLAINS,63849632
HEALTHPLUS CLINIC &amp; SURGERY,103.914941831149,1.33295923548387,898 BEDOK RESERVOIR ROAD,64460529
HEALTHPLUS FAMILY CLINIC &amp; SURGERY,103.808980552537,1.27331489931393,02 TELOK BLANGAH ST 32,62733327
HEALTHPOINT FAMILY CLINIC &amp; SURGERY PTE LTD,103.797626151203,1.30078900913984,337 TANGLIN HALT RD,64740408
HEALTHWAY MEDICAL CENTRE,103.846329063086,1.42438506779072,321 YISHUN AVE 11,67537626
HEALTHWAY MEDICAL CLINIC,103.706710011276,1.34118688532916,193 JURONG WEST CENTRAL 1,67891812
HEALTHWAY MEDICAL CLINIC,103.910853622903,1.32365345260275,231 LENGKONG TIGA,67494062
HEALTHWAY MEDICAL CLINIC,103.886898456404,1.3739584047285,965 HOUGANG AVENUE 8,63380339
CHENG CLINIC,103.855967138976,1.36747901395753,1677 ANG MO KIO AVE 10,64542482
CHEONG FAMILY CLINIC PTE LTD,103.850825476113,1.31559567557526,293 OWEN RD,62975125
CHEONG MEDICAL CLINIC,103.773329447413,1.34054871020596,&lt;Null&gt; JLN JURONG KECHIL,64686311
CHERN MEDICAL CLINIC,103.945588355489,1.34550450587056,112 TAMPINES ST 11,67810036
CHIA &amp; LEE MEDICAL &amp; DENTAL CLINIC,103.93803402297,1.34608442387129,15 TAMPINES AVE 4,67812969
CHIA CLINIC AND SURGERY,103.859968761003,1.31270187076009,04 FOCH ROAD,62980959
CHIEW CLINIC PTE LTD,103.88499280169,1.36197602911364,09 KOVAN ROAD,63828002
CHIN CHOO CLINIC,103.886010316195,1.3291589965127,430 CIRCUIT ROAD,67452815
CHIN LEONG CLINIC,103.7601572777,1.30747684403182,555 WEST COAST ROAD,67789493
CHINATOWN MEDICAL CENTRE,103.845304499538,1.28450400981108,64 UPPER CROSS STREET,65360988
CHONG &amp; LIM FAMILY CLINIC,103.768538441068,1.37867070866305,39 GANGSA ROAD,67626881
CHONG MEDICAL CLINIC,103.91989305506,1.33716507465087,3500 BEDOK RESERVOIR ROAD,62414678
CHONG'S MEDICAL CENTRE,103.844111318068,1.29815265418313,29/30 CLEMENCEAU AVE,63383297
CHOONG'S CLINIC,103.953613062624,1.36189869571353,261 TAMPINES ST 44,67885190
CHOONG'S CLINIC,103.88441304265,1.30758613957856,97 OLD AIRPORT RD,63442400
CHUA CLINIC,103.884236382226,1.3708407636778,513 HOUGANG AVE 8,63865720
CHUA CLINIC &amp; SURGERY,103.83322239147,1.42460205341137,281 YISHUN AVE 3,62571690
CHUA CLINIC &amp; SURGERY,103.835446503405,1.41562517359538,156 YISHUN ST 81,67521603
CHUA MEDICO CLINIC LLP,103.85545542764,1.37234358213417,2323 ANG MO KIO AVE 10,64562275
CHUAH CLINIC &amp; SURGERY PTE LTD,103.886159306963,1.32052595944544,19 ALJUNIED AVE 2,67452104
CITILIFE FAMILY CLINIC,103.738514477814,1.33993327230364,539 JURONG EAST ST 21,65662281
"1Aesthetics, Medical &amp; Surgery",103.742766489695,1.33415752021713,21 GATEWAY DRIVE,66125173
338 FAMILY CLINIC,103.848986957423,1.36389570194327,1615 ANG MO KIO AVE 1,64549408
81 FAMILY CLINIC,103.906740752797,1.30173013744276,670 MARINE PARADE CENTRAL,63466768
888 PLAZA FAMILY CLINIC,103.79531438351,1.43712301469139,739 WOODLANDS DRIVE 50,63688762
A &amp; A Clinic,103.79045407864,1.43106395466968,07 WOODLANDS AVENUE 1,63390883
A LIFE CLINIC PTE LTD,103.844160737727,1.32070490276365,21 SINARAN DRIVE,67372283
ACCESS MEDICAL (MARINE TERRACE),103.914026029639,1.30611781278766,61 MARINE TERRACE,0000000
ACUMED MEDICAL GROUP,103.850090271075,1.28407348516395,31 MARKET STREET,65327766
ACUMED MEDICAL GROUP,103.706685012636,1.33945271689006,19E JURONG WEST CENTRAL 2,67923822
ACUMED MEDICAL GROUP,103.695432653349,1.32483860351969,40 PIONEER ROAD NORTH,62610377
ACUMED MEDICAL GROUP,103.722451247982,1.33237347600107,107/111 YUNG KUANG ROAD,62656422
ACUMED MEDICAL GROUP,103.652226413178,1.31715448633651,06 PIONEER ROAD,68615996
ADIDAH FAMILY CLINIC &amp; SURGERY,103.934649103244,1.34841976695441,210 TAMPINES ST 81,67845435
ADMIRALTY FAMILY CLINIC PTE LTD,103.801541769051,1.44042008556432,14 WOODLANDS AVE 6,68942717
ADVANCE CLINIC &amp; SURGERY PTE LTD,103.901953041118,1.33068802483382,269 UBI AVE 1,67421156
AE Medical Clinic,103.877933381804,1.39807105477095,529 FERNVALE LINK,68162900
ALEXANDRA FAMILY CLINIC &amp; SURGERY,103.810971835617,1.29270252663231,02 DAWSON ROAD,64797022
ALLIANCE CLINIC AND PARTNERS PTE LTD,103.907742997146,1.33269651937763,50 JALAN TENAGA,68469585
AMDA International Peace Clinic,103.830642027914,1.30467628686308,01 ORCHARD ROAD,62724145
AMK FAMILY CLINIC PTE LTD,103.847159679938,1.36929744580993,01 ANG MO KIO AVE 3,64544204
AMPM FAMILY CLINIC &amp; SURGERY PTE. LTD.,103.845703844549,1.3386490177809,521 TOA PAYOH LOR 1,62530917
ANG MO KIO MEDICAL CENTRE,103.839395071325,1.37530562129985,558 ANG MO KIO AVE 4,64570273
ANTEH DISPENSARY,103.881408533814,1.31276769276971,&lt;Null&gt; GEYLANG ROAD,67441809
APEX CLINIC &amp; SURGERY,103.835446503405,1.41562517359538,162 YISHUN ST 81,67535621
APEX CLINIC &amp; SURGERY,103.774636554647,1.42992991950716,39 WOODLANDS ST 31,63677710
APEX MEDICAL CENTRE (JURONG) PTE LTD,103.691459639168,1.34138531152719,172 JURONG WEST ST 92,67912292
AR-RAUDHAH MEDICAL CLINIC,103.751213742333,1.35866916669776,386 BT BATOK ST 31,65677458
ARCADIA CLINIC,103.778972458718,1.3204417117461,211 PANDAN VALLEY,64695122
ASPEN CLINIC,103.844748631654,1.35891907140513,185 BISHAN STREET 22,64553829
ASSOCIATE DISPENSARIES,103.849538318462,1.33889442806227,20 TOA PAYOH LOR 4,62562308
ATRIO FAMILY CLINIC (AMK) PTE. LTD.,103.854594160953,1.37380851529936,2461 ANG MO KIO AVENUE 10,64554282
Acacia Medical Clinic,103.803023755955,1.28220135432916,07 DEPOT ROAD,66840274
Access Medical (Circuit Road),103.885851746557,1.32354065974554,965 CIRCUIT ROAD,64459600
Access Medical (East Coast),103.934734222326,1.32062504896158,69 BEDOK SOUTH ROAD,62418812
Access Medical (Whampoa),103.855735558254,1.32328917056797,869 WHAMPOA DRIVE,62521070
Access Medical Bedok South,103.940695612374,1.32405898637441,1268 NEW UPPER CHANGI ROAD,64453100
Accord Medical Clinic,103.903826117299,1.32770471663835,701 UBI AVENUE 1,68441528
Accord Medical Clinic,103.839395071325,1.37530562129985,578 ANG MO KIO AVENUE 4,64511528
AcuMed Medical Group,103.705911300263,1.33853090890536,18/19 BOON LAY WAY,65159919
AcuMed Medical Group,103.932493034945,1.32587565153944,165 Bedok North Street 1,64438077
"Allergy, Arthritis &amp; Rheumatism Clinic",103.820124456725,1.3070615642474,02/03 Napier Road,63335550
"Allergy, Arthritis &amp; Rheumatism Clinic",103.85392952113,1.31247324056032,13 FARRER PARK STATION ROAD,66362945
Alpha Clinic &amp; Surgery,103.905279491617,1.30106975529588,04/05 Marine Parade Road,63445532
Ang Mo Kio Family Medicine Clinic,103.845949468937,1.3719372881815,01 ANG MO KIO AVENUE 6,65541133
Apollo Medical Centre,103.851478219833,1.30758123998383,24 CHANDER ROAD,62962777
Asia HealthPartners,103.833961913411,1.30450609944402,06 ORCHARD ROAD,62357888
Atrio Family Clinic,103.836723874387,1.43576080433318,349 YISHUN STREET 22,67520838
Avenue K Clinic @ Punggol,103.909541012266,1.40386056418192,327 EDGEFIELD PLAINS,68344843
B T GOH FAMILY CLINIC &amp; SURGERY,103.858181908966,1.33093933661933,406 KIM KEAT AVE,63544535
BALKIS FAMILY CLINIC,103.914941831149,1.33295923548387,968 BEDOK RESERVOIR RD,64454711
PEACE FAMILY CLINIC &amp; SURGERY,103.816977584507,1.45292980559113,820 SEMBAWANG DR,65556674
PEACE FAMILY CLINIC &amp; SURGERY,103.856200835268,1.36889751154096,1787 ANG MO KIO AVE 10,64516558
PHOENIX CLINIC &amp; SURGERY,103.756450878463,1.37820351167477,43 JALAN TECK WHYE,67675345
MARINE PARADE CLINIC,103.914721779196,1.30585966577895,81 MARINE TERRACE,62419065
MARINE TERRACE FAMILY CLINIC,103.91548479998,1.3065125733947,129 MARINE TERRACE,64420188
MEDEN CLINIC &amp; SURGERY,103.814352117212,1.28879800624399,553 LENGKOK BAHRU,98536351
MEDICA CLINIC,103.885679159796,1.37297840263119,837 HOUGANG AVE 8,63862187
MEDICAL AND DENTAL CENTRE @ COMMONWEALTH,103.798174300947,1.30186472785456,03 TANGLIN HALT ROAD,64756116
MEDICARE ASSOCIATES,103.953000934042,1.36163049159243,236 TAMPINES AVE 9 ST 43,67880137
MEDICO CLINIC &amp; SURGERY,103.739259690046,1.34256242271994,88 JURONG EAST ST 24,65610934
MEDIHEALTH BISHAN 24 HOURS CLINIC &amp; SURGERY,103.851049225039,1.34718667802738,95 BISHAN ST 12,62583212
MEDILIFE CLINIC &amp; SURGERY,103.952787602752,1.35987299152202,122 TAMPINES ST 43,67813168
MEDIPOINT MEDICAL CENTRE (PONGGOL BRANCH),103.896994161671,1.37484339460642,1170 HOUGANG AVE 10,63865046
MEDIVENE CLINIC &amp; SURGERY,103.889140386101,1.3968515623324,05 ANCHORVALE STREET,63850441
MEDLIFE CLINIC &amp; SURGERY,103.886898456404,1.3739584047285,985 HOUGANG AVENUE 8,63850836
MEI LING CLINIC,103.802806668566,1.29274038368564,80 MEI LING ST,64741782
MEI LING CLINIC (TOA PAYOH),103.847092284339,1.332855428774,33 LOR 6 TOA PAYOH,62535600
MERIDIAN MEDICAL AND DENTAL CENTRE,103.895987624634,1.36830683228969,162 HOUGANG AVE 5,62825205
MILFORD MEDICAL GROUP,103.870134574381,1.35381198304507,116 SERANGOON AVE 3,62869993
MILLENNIUM MEDICAL GROUP,103.792065607545,1.44131059420619,215 WOODLANDS ST 82,63680386
MILLENNIUM MEDICAL GROUP,103.743099573448,1.39207388666958,33 CHOA CHU KANG ST 51,67656685
MINMED CLINIC (PUNGGOL),103.902108952963,1.4064862198491,15 PUNGGOL CENTRAL,63399339
MISSION MEDICAL CLINIC,103.87928135278,1.35450858698393,01 UPPER SERANGOON ROAD,62892100
MUTUAL HEALTHCARE MEDICAL CLINIC,103.890466406973,1.39139722627983,92 ANCHORVALE DR,64893833
MUTUAL HEALTHCARE MEDICAL CLINIC,103.908344134041,1.39660486039634,546 PUNGGOL FIELD,63155036
MY DOCTOR'S PLACE PTE LTD,103.934249434387,1.3274929550221,41 BEDOK NORTH SREET 1,64449687
MY FAMILY CLINIC (ANCHORVALE),103.888000137553,1.39491417281198,260 ANCHORVALE ROAD,67023963
MY FAMILY CLINIC (CHOA CHU KANG),103.739015486131,1.37789727696932,01 CHOA CHU KANG AVE 3,67674566
MY FAMILY CLINIC (PUNGGOL WATERWAY TERRACE),103.899074358389,1.40800694968927,302 PUNGGOL WALK,66977700
MY FAMILY CLINIC (SEGAR),103.771312569595,1.38868132350749,508 SEGAR ROAD,67107269
MY FAMILY CLINIC (WOODLANDS),103.798140993881,1.44562290748691,07 WOODLANDS AVE 6,68840658
MY FAMILY DOCTOR,103.851030689601,1.36243186375143,1803 ANG MO KIO AVE 1,65530100
MYHEALTH MEDICAL CENTRE,103.759312529557,1.31231254732582,256 WEST COAST DRIVE,68726920
Make-Well Family Clinic &amp; Surgery,103.852333287775,1.3344487492102,351 LORONG 4 TOA PAYOH,62534235
Mary Medical Clinic &amp; Surgery,103.738145286322,1.34302644245842,157 Jurong East Street 24,65624721
Medic Surgical &amp; Laser Clinic,103.842393165081,1.27559619367244,28 TANJONG PAGAR PLAZA,62233303
Mediview Clinic and Surgery,103.84451622696,1.3337851964779,999 Toa Payoh Lorong 1,90906369
Meridian Medical Centre,103.810031300732,1.28112225952895,10 Depot Road,62780088
MindChamps Medical Clinic,103.894726878433,1.31460517955747,03 TANJONG KATONG ROAD,63845644
Minmed Health Screeners,103.835857545111,1.30387230856457,10 Orchard Road,68380123
Mint Medical Centre,103.819139250561,1.26477806953763,10 HARBOURFRONT PLACE,62729372
Mission (Hougang) Medical Clinic,103.898813147316,1.37259314180228,799 HOUGANG AVE 7,62814567
Mission Cross Family Clinic,103.842930213631,1.42662488360018,03 YISHUN AVENUE 11,66358579
Mount Alvernia Outreach Medical Clinic,103.813904189408,1.28686170527469,03 LENGKOK BAHRU,63476688
Mutual Healthcare Medical Clinic,103.896966679981,1.38603998431267,53 Compassvale Lane,65473593
My Family Clinic (Clementi),103.768657660932,1.30979102119017,05 CLEMENTI AVENUE 1,66942574
My Family Clinic (Hougang Central),103.894473676698,1.37115128104873,118 HOUGANG CENTRAL,63852117
My Family Clinic (Pioneer),103.697174842354,1.34169239237839,09 Jurong West St 61,68611182
My Family Clinic (Punggol Central),103.906138007036,1.40371939727854,02 PUNGGOL CENTRAL,68537351
My Family Clinic (Rivervale),103.904483668484,1.39250411008736,02B Rivervale Crescent,68811978
CITIZEN FAMILY CLINIC AND SURGERY,103.828762985206,1.43061830395903,117 YISHUN AVE 5,67586168
CLIFFORD DISPENSARY PTE LTD,103.986857193736,1.34874520072706,50A AIRPORT BOULEVARD,65460923
CLIFFORD DISPENSARY PTE LTD,103.831507322148,1.3058097840748,03 ORCHARD ROAD,67374341
CLIFFORD FAMILY CLINIC,103.854382572738,1.37332712954832,2447 ANG MO KIO AVE 10,64549693
CLINIC FARIDAH,103.940695612374,1.32405898637441,1230 NEW UPPER CHANGI ROAD,64427480
CMY Medical,103.926207634385,1.32544200316689,295 CHAI CHEE AVENUE,&lt;Null&gt;
COMFORT CLINIC &amp; SURGERY,103.873633486993,1.35732435179381,100 SERANGOON AVE 4,62807271
CORPORATE MEDICAL CENTER,103.852286627352,1.30042241937534,01 MIDDLE RD,63371313
COUNTRYSIDE CLINIC AND SURGERY,103.827452004281,1.43147861410614,189 YISHUN RING RD,62570369
CRAWFURD MEDICAL,103.859014406987,1.29593189474236,482 TEMASEK BOULEVARD,68049580
CRESCENT CLINIC &amp;  SURGERY,103.902727807655,1.32129030506898,2473 EUNOS CRESCENT,67458624
Camry Medical Centre,103.848993317286,1.33889072192317,66 Toa Payoh Lorong 4,62580553
Canberra Medical Aesthetics,103.822587675699,1.44535856211258,01 CANBERRA ROAD,68520500
Care Family Clinic,103.850857689422,1.30568117506361,12 BUFFALO ROAD,62995868
Caring Family Clinic,103.719222201398,1.3498122539352,271 JURONG WEST STREET 51,65645677
Central 24HR Clinic (Jurong West),103.725180466271,1.34994543580274,54 JURONG WEST STREET 41,65657484
Changi Clinic,103.901431784397,1.31720886041707,734 Sims Avenue,67428865
Chin Medical Clinic,103.766228468168,1.38540569301021,02A JELAPANG ROAD,64688195
Chua &amp; Partners Family Clinic,103.826785447839,1.28569742860795,05 Jalan Membina,62719004
115 EASTPOINT CLINIC &amp; SURGERY,103.937191479385,1.33165671365214,301 BEDOK NORTH RD,64410180
18 CLINIC,103.861087462865,1.3194253904476,228 TOWNER ROAD,62999750
Lee Respiratory and Sleep Clinic,103.844226252968,1.32214655194262,27 IRRAWADDY ROAD,62689838
Lee Respiratory and Sleep Clinic,103.837601926607,1.34182282043215,58 THOMSON ROAD,62689838
Lian Clinic,103.777861242043,1.44341700675742,269 Marsiling Lane,62697435
Lifelink 24Hrs Clinic &amp; Surgery,103.872312298307,1.36995099695447,534 Serangoon North Avenue 1,62813977
Lifescan Medical Centre,103.852068573825,1.28361967552216,28 COLLYER QUAY,68367747
Lifescan Medical Centre,103.847429981968,1.28428813152525,01 PICKERING STREET,62211358
Lighthouse Clinic And Surgery Pte. Ltd.,103.751706683251,1.34900647929762,52 BUKIT BATOK CENTRAL,64251935
Lim Clinic,103.855357145899,1.36776095160062,1663 ANG MO KIO AVE10,64549172
Little Cross Family Clinic Pte Ltd,103.939613985216,1.34639172453037,445 Tampines St 91,65440040
M LAM CLINIC,103.890470106357,1.31497429530044,&lt;Null&gt; GEYLANG ROAD,67481949
M Medical Clinic,103.85527273394,1.31372067347803,309 RACE COURSE ROAD,63980462
MACPHERSON MEDICAL CLINIC,103.885220313162,1.32788057152015,488 CIRCUIT ROAD,67463913
MANDARIN MEDICAL CENTRE,103.773903901185,1.34056695989961,&lt;Null&gt; JLN JURONG KECHIL,64667828
OUR FAMILY PHYSICIAN CLINIC &amp; SURGERY,103.934912515621,1.34922419585448,292 TAMPINES ST 81,67850147
OXFORD MEDICAL CENTRE,103.936574613556,1.37966812078362,330 PASIR RIS ST 72,65851496
Oasis Family Clinic,103.941082588112,1.32499379325174,1322 NEW UPPER CHANGI ROAD,64488055
One Medical Clinic,103.697698311824,1.34609844042099,K1 JURONG WEST AVENUE 5,67922143
OneCare Clinic Boon Lay,103.712429315355,1.34634819655622,152 BOON LAY PLACE,62611580
OneDoctors Family Clinic,103.848186835446,1.37104583076097,2613 ANG MO KIO AVENUE 8,65542918
OneDoctors Family Clinic,103.795582089531,1.31133036557735,01 HOLLAND AVENUE,64698938
OneDoctors Family Clinic,103.834641578841,1.41678634673031,3611 YISHUN RING ROAD,62578980
OneDoctors Family Clinic,103.902108952963,1.4064862198491,17 PUNGGOL CENTRAL,63858018
OneDoctors Medical Centre,103.872296143433,1.3507693522394,54/55 SERANGOON CENTRAL,66344918
Onecare Clinic Bukit Batok,103.749914947577,1.35008771762811,148 BUKIT BATOK CENTRAL,65636913
Onecare Clinic Bukit Panjang,103.769575386975,1.38824021707203,05 SEGAR ROAD,62508533
Onecare Clinic Hougang,103.890318475998,1.35478438650616,1125 HOUGANG AVENUE 1,65250325
Onecare Clinic Tampines,103.933719246548,1.34972149524476,142 TAMPINES STREET 81,64435938
Onecare Clinic Tiong Bahru,103.828789865619,1.28636578125936,08 BOON TIONG ROAD,63582568
Onecare Clinic Yishun,103.84758940791,1.42026334154029,04 YISHUN AVENUE 1,63342373
Ong Clinic &amp; Surgery Pte Ltd,103.759862833379,1.35000840233363,387 Bukit Batok East Ave 4,67695704
Ong Medical Clinic,103.847677034523,1.36462540282453,10 Ang Mo Kio St 31,64523586
P.K. Ang Family Clinic &amp; Surgery,103.890680792157,1.35370297114644,1225 Hougang Avenue 1,62843022
PACIFIC MEDICAL &amp; DENTAL GROUP,103.827449409203,1.42615726590293,270 YISHUN ST 71,67524050
PAN ISLAND CLINIC &amp; SURGERY,103.914145075391,1.33205094619341,804 BEDOK RESERVOIR RD,64453747
PANDAN CLINIC PTE LTD,103.748258627183,1.32076543373238,115 PANDAN GARDENS,65603186
PASIR RIS CLINIC &amp; SURGERY PTE LTD,103.957951722637,1.36893288683705,28 PASIR RIS DR 6,65820502
PEACE FAMILY CLINIC,103.786714412892,1.43228225786203,821 WOODLANDS AVE 1,62690466
RAFFLESMEDICAL,103.857465501674,1.30118153029334,&lt;Null&gt; NORTH BRIDGE ROAD,63112233
RCMC RIVERVALE CRESCENT MEDICAL CENTRE,103.908892267477,1.39045272949937,04 RIVERVALE CRESCENT,68860772
ROCHOR CENTRE CLINIC,103.852700671068,1.30224433856795,20 BENCOOLEN STREET,62928327
RafflesMedical,103.872296143433,1.3507693522394,01 SERANGOON CENTRAL,66342585
RafflesMedical,103.851255907837,1.27894102286901,02 MARINA VIEW,66360160
RafflesMedical,103.962946043324,1.33408363832864,55/56 CHANGI BUSINESS PARK CENTRAL 1,66361251
RafflesMedical,103.905044759578,1.30520649871363,17 EAST COAST ROAD,66363730
RafflesMedical,103.849316394898,1.28013740563476,00 ROBINSON ROAD,62231188
RafflesMedical,103.949715695148,1.37244981704717,19 PASIR RIS CENTRAL STREET 3,65851279
RafflesMedical,103.706685012636,1.33945271689006,19D JURONG WEST CENTRAL 2,67900583
RafflesMedical,103.929267654667,1.32477207450153,45/46 NEW UPPER CHANGI ROAD,68449291
RafflesMedical,103.746636294808,1.39706598488537,02 CHOA CHU KANG NORTH 6,66343132
RafflesMedical,103.764307866884,1.43627040340064,&lt;Null&gt; WOODLANDS INDUSTRIAL PARK D,66703333
RafflesMedical,103.854456999777,1.27912488287891,05 MARINA BOULEVARD,66360390
RafflesMedical,103.98656220853,1.35662609392574,08 AIRPORT BOULEVARD,62422819
RafflesMedical,103.876125506847,1.39147015412056,54/55/56 SENGKANG WEST AVENUE,67026917
RafflesMedical,103.953024496638,1.34270619638782,27 SIMEI STREET 6,65576803
RafflesMedical,103.831970581405,1.30611334615876,09 to 14 SCOTTS ROAD,68380080
RafflesMedical,103.904483668484,1.39250411008736,25 RIVERVALE CRESCENT,63112134
RafflesMedical,103.902108952963,1.4064862198491,29 PUNGGOL CENTRAL,63112134
RafflesMedical,103.751134497442,1.34915709974441,126 BUKIT BATOK CENTRAL,63112134
RafflesMedical,103.796107173265,1.31056351487289,02/03/04 Holland Avenue,63112134
Ren Medical Clinic,103.827667722133,1.43053575388506,31 Yishun Avenue 5,62576965
My Family Clinic (Senja),103.760410617966,1.38512867357173,04 Senja Road,63140638
My Family Clinic (Tanglin Halt),103.798227586732,1.29996199426538,372 COMMONWEALTH DRIVE,64738920
My doctor @ Lakeside,103.720301861897,1.34410477497472,05 BOON LAY WAY,62657270
N B THAM CLINIC PTE LTD,103.853367290737,1.32249068043717,&lt;Null&gt; WHAMPOA DRIVE,62880739
ORCHARD GROUP CLINIC,103.829984821697,1.30550610766374,04/04A ORCHARD RD,67344989
OUR FAMILY CLINIC &amp; SURGERY PTE LTD,103.883179671945,1.30263933997648,15 JLN BATU,64470847
OUR FAMILY CLINIC + SURGERY,103.961614666694,1.3701947350748,116 PASIR RIS ST 21,65851859
K N CHIN &amp; ASSOCIATES PTE LTD Medical Practice,103.859014406987,1.29593189474236,400 TEMASEK BOULEVARD,63372522
K. B. TAN CLINIC &amp; LASER SURGERY,103.941978174961,1.37860239755801,310 ELIAS RD,65839091
KALLANG BAHRU FAMILY CLINIC PTE. LTD.,103.869914603946,1.32066445659493,485 KALLANG BAHRU,62950010
KANG AN CLINIC PTE LTD,103.751790332685,1.3486668095108,70 BT BATOK CENTRAL,65664856
KANG CLINIC,103.872803203966,1.39598696922398,&lt;Null&gt; JALAN KAYU,64811044
KAO &amp; TAN FAMILY MEDICAL CENTRE &amp; SURGERY PTE LTD,103.826785447839,1.28569742860795,03 JLN MEMBINA,62727880
KARRI FAMILY CLINIC,103.934477897558,1.3553645422293,05 TAMPINES ST 83,67850311
KC Ong Chest &amp; Medical Clinic,103.83543933754,1.30516521414843,03 Mount Elizabeth,62351466
KCS Medical Centre Pte Ltd,103.92996022996,1.33186656501194,205 Bedok North Ave 2,64438322
KENSINGTON FAMILY CLINIC,103.866105218268,1.36521771088369,&lt;Null&gt; KENSINGTON PARK ROAD,62884882
KEPPEL MEDICAL GROUP,103.819408460582,1.27740785896818,139 TELOK BLANGAH CRESCENT,62700846
KHO CLINIC,103.924236461317,1.33177300798313,519 BEDOK NORTH ST 3,62428266
KHOO CLINIC &amp; SURGERY,103.887787767312,1.36228493590213,&lt;Null&gt; UPPER SERANGOON RD,62880457
KIM TIAN CLINIC,103.83250362737,1.28424655163546,41 SENG POH ROAD,62271612
KIM TIAN GREEN FAMILY CLINIC,103.829470015099,1.2825346692421,06 KIM TIAN ROAD,65702822
KL NG MEDICAL CLINIC PTE LTD,103.808242400061,1.2864535401328,4530 JALAN BUKIT MERAH,62712554
KO FAMILY CLINIC,103.872301458327,1.31480351435284,1133 UPPER BOON KENG ROAD,68421403
KOH CLINIC &amp; SURGERY,103.742824825687,1.34715255026993,250 BUKIT BATOK WEST AVENUE 8,65619938
KOH CLINIC &amp; SURGERY PTE LTD,103.938014036838,1.34719233083724,269 TAMPINES AVE 4,67822882
KOH'S T &amp; T CLINIC AND SURGERY PTE. LTD.,103.870134574381,1.35381198304507,126 SERANGOON AVE 3,63823103
KONG KIAN CLINIC,103.885032498201,1.34010837600458,&lt;Null&gt; UPPER PAYA LEBAR ROAD,62887101
Kai Clinic,103.907127221352,1.30764810152192,223 EAST COAST ROAD,63441377
Kai Medical Clinic,103.960042188158,1.35436493798393,05 Tampines Street 32,67891112
Kelinik Maju,103.89822067311,1.31811559243832,60 Eunos Road 5,67422933
Kenneth Loo Family Clinic,103.85464173345,1.34566284661244,215 Bishan St 11,62503660
Ki Medical Clinic,103.855103690663,1.36454170930942,975 ANG MO KIO AVENUE 10,64554475
Kin Mun Clinic,103.851778402295,1.33501332561,311/313 LORONG 4 TOA PAYOH,62566353
Kong Clinic &amp; Surgery Pte Ltd,103.837605236392,1.43611425443561,223 Yishun St 22,67521401
L &amp; H POLYCLINIC AND SURGERY,103.814352117212,1.28879800624399,543 LENGKOK BAHRU,64744544
L &amp; L FAMILY MEDICINE CLINIC,103.83640721143,1.35286373397865,07 SIN MING ROAD,64588001
L&amp;G Medical Clinic,103.842029779252,1.28740300821015,75 CHIN SWEE ROAD,62508437
L'ving Vine Medical &amp; Wellness Clinic,103.766131307482,1.30369753962353,84/85 WEST COAST ROAD,67777442
LAI MEDICAL CLINIC PTE LTD,103.752496875131,1.3468184543116,209 BT BATOK ST 21,65632935
LAU CLINIC AND SURGERY,103.896728455854,1.30288822395207,&lt;Null&gt; TANJONG KATONG ROAD,63457810
LAVENDER MEDICAL CLINIC &amp; SURGERY PTE LTD,103.860910766189,1.30835815198959,186 KING GEORGE'S AVENUE,62916631
LC Clinic Medical Surgery Aesthetics,103.764927758834,1.31251305739657,191 CLEMENTI AVENUE 3,64562448
LEE &amp; KOH FAMILY CLINIC,103.751230683361,1.36134370364288,389 BUKIT BATOK ST 31,66653323
LEE &amp; TAN FAMILY CLINIC AND SURGERY,103.887943886651,1.32454761116848,03 CIRCUIT RD,67456877
LEE CLINIC,103.937343348132,1.32919868633239,156 BEDOK NORTH ST 2,62418827
LEE CLINIC AND SURGERY,103.850224901617,1.3748597300055,2684 ANG MO KIO AVE 8,64539428
LEE FAMILY CLINIC PTE. LTD.,103.697732090659,1.34874357157025,262 JURONG WEST STREET 75,67940217
LEONG CLINIC,103.815318433238,1.28907506818733,366 LENGKOK BAHRU,64760572
LER CLINIC &amp; SURGERY,103.933863132114,1.35113833764534,10 TAMPINES ST 83,67886279
LIANG CLINIC,103.922021480359,1.31199397726398,&lt;Null&gt; EAST COAST ROAD,62415944
LIEW CLINIC &amp; SURGERY,103.821532226324,1.28513427063959,223 BT MERAH VIEW,62707471
LIFE-LINK CLINIC &amp; SURGERY,103.957726864829,1.37030619330394,120 PASIR RIS DR 6,65834402
LIFECARE FAMILY CLINIC,103.766228468168,1.38540569301021,15 JELAPANG ROAD,67698588
LIFECARE FAMILY CLINIC &amp; SURGERY,103.828762985206,1.43061830395903,133 YISHUN AVE 5,67580453
LIFECARE FAMILY CLINIC &amp; SURGERY,103.890680792157,1.35370297114644,1221 HOUGANG AVE 1,62822482
LIFECARE MEDICAL CENTRE,103.886930797614,1.32902607936022,416 CIRCUIT ROAD,67461533
LIFELINE BISHAN MEDICAL CLINIC,103.84907733333,1.34841689766577,376 BISHAN ST 11,63582510
NANYANG CENTRE CLINIC,103.690721731343,1.3414812356099,162 JURONG WEST ST 92,67910962
NEIGHBOURHOOD MEDICAL CLINIC,103.886367847372,1.373312700838,901 HOUGANG AVE 8,63868689
NEO MEDICAL CENTRE,103.863387980485,1.33545353276638,818 POTONG PASIR AVE 1,62854210
NEOH &amp; ONG MEDICAL CLINIC,103.903193510186,1.32020110490129,2447 EUNOS CRESCENT,67423322
NEW HEALTH FAMILY CLINIC Pte Ltd,103.810031300732,1.28112225952895,08 Depot Road,62786200
NEW TOWN CLINIC,103.87091403107,1.31423937057141,929 UPPER BOON KENG ROAD,67485259
NEWCASTLE CLINIC,103.830722581301,1.30508722668101,02A ORCHARD ROAD,67362322
NEWLIFE FAMILY CLINIC &amp; SURGERY,103.738292803759,1.32213636288773,20 TEBAN GARDENS ROAD,65663770
NORTHEAST MEDICAL GROUP,103.926153139378,1.33312991887155,692 BEDOK NORTH ST 3,64412402
NORTHEAST MEDICAL GROUP,103.895302715277,1.39122186671109,05 Sengkang Square,68755911
NORTHEAST MEDICAL GROUP,103.850711618255,1.28394228658556,00 MALACCA STREET,65572770
NORTHEAST MEDICAL GROUP,103.885092299821,1.3078206028427,01 JALAN TIGA,62413298
NORTHLAND FAMILY CLINIC &amp; SURGERY,103.838806520716,1.42106180506125,198 YISHUN ST 61,67535181
NOVO VITA CLINIC AND SURGERY,103.828178444729,1.28018941897454,1573 JLN BUKIT MERAH,62722983
NUFFIELD MEDICAL SIGLAP,103.92444984956,1.31205928217624,03 EAST COAST ROAD,62800256
NUTRAMED CLINIC,103.837359157756,1.30139880923317,10 GRANGE ROAD,67350706
Neecare Medical Centre,103.75069463099,1.35925940880541,320 BUKIT BATOK STREET 31,65674990
Neptune Healthcare Medical &amp; Surgery,103.958287519159,1.35316617540912,362 TAMPINES STREET 32,67818030
New Town Clinic Pte Ltd,103.940695612374,1.32405898637441,1224 New Upper Changi Road,64431784
Northeast (Buona Vista) Medical Centre Pte Ltd,103.786259128227,1.30815559085492,10 GHIM MOH LINK,66943282
Northeast Medical Group,103.953628075327,1.34292584436337,01 SIMEI STREET 3,67838638
Northeast Medical Group,103.945144689156,1.35330153287867,25 TAMPINES CENTRAL 1,67867848
Northeast Medical Group,103.751134497442,1.34915709974441,128 BUKIT BATOK CENTRAL,68998126
Novena Medical Center Family Clinic,103.844160737727,1.32070490276365,19 SINARAN DRIVE,63977318
NuHealth Medical Centre,103.760139777356,1.3803210084931,23 WOODLANDS ROAD,62199298
O2 Medical Clinic,103.947922425172,1.36968625480066,05 PASIR RIS STREET 51,63849443
ONELIFE FAMILY CLINIC,103.743190998217,1.39224240557056,41 CHOA CHU KANG ST 51,67600782
Dr. Tan &amp; Partners,103.853356159197,1.30166216218254,20 BENCOOLEN STREET,68844119
Dr. Tan &amp; Partners @ Katong,103.906559776012,1.30676781303139,&lt;Null&gt; EAST COAST ROAD,66352551
"Drs Koo, Fok &amp; Associates( Pioneer )",103.697631494441,1.33756383100782,04 JURONG WEST STREET 63,68622380
LIFELINE PUNGGOL MEDICAL CLINIC PTE LTD,103.906402433947,1.3994629569651,03 PUNGGOL FIELD,63155428
LIFELINE YISHUN RING MEDICAL CLINIC,103.834641578841,1.41678634673031,3615 YISHUN RING ROAD,67522017
LILY AW PASIR RIS FAMILY CLINIC &amp; SURGERY,103.957726864829,1.37030619330394,116 PASIR RIS DR 6,65822122
LIM CLINIC &amp; SURGERY,103.922885287164,1.32627271273495,418/420 CHAI CHEE ROAD,62412211
LIM CLINIC &amp; SURGERY,103.846202461177,1.34123727109375,312 TOA PAYOH LOR 1,62527473
LIM COUNTRY CLINIC,103.886636110951,1.35869679921132,207 HOUGANG ST 21,62868047
LIN &amp; SONS CLINIC &amp; SURGERY PTE LTD,103.754071399254,1.37829768774573,97 TECK WHYE LANE,67690554
LO &amp; LEE CLINIC &amp; SURGERY,103.886509353222,1.35046468301474,462 LORONG AH SOO,62855688
LONDON (MH) CLINIC &amp; SURGERY,103.890318475998,1.35478438650616,1123 HOUGANG AVE 1,62807262
LOW &amp; LEE CLINIC &amp; SURGERY,103.919015623218,1.32684839300286,202 CHAI CHEE DR,64451175
LOW MEDICAL CLINIC,103.869336175072,1.32139446447736,447 KALLANG BAHRU,62950805
LUM CLINIC &amp; SURGERY,103.825310761058,1.27392939913319,149 BUKIT PURMEI RD,62784827
LUSUMU Family Clinic,103.927020293721,1.3337133204603,638 Bedok North St 3,64459910
Lakeside Family Medicine Clinic,103.71885762802,1.34513828527942,02 JURONG WEST STREET 52,64715154
Reservoir Road Clinic &amp; Surgery,103.920203566195,1.33635490585997,3622 Bedok Reservoir Road,64490289
Rivervale Family Clinic &amp; Surgery,103.901841043722,1.38533736141001,02 RIVERVALE DRIVE,63889762
Royal Care Medical Yishun Junction 9,103.842276902055,1.43377281319867,03 YISHUN AVENUE 9,67107338
S &amp; L FAMILY CLINIC,103.831598307398,1.42585285580055,105 YISHUN ST 71,67546203
TECK GHEE CLINIC,103.855527833275,1.36879314161128,1765 ANG MO KIO AVE 10,64527971
TEH'S CLINIC &amp; SURGERY,103.887148432888,1.32698404465663,339 CIRCUIT ROAD,67464117
TEIN CLINIC &amp; SURGERY,103.886655349854,1.35289261505523,1434 HOUGANG AVE 1,62828504
S LEE CLINIC,103.881261079223,1.37143736473089,265 HOUGANG AVE 8,63861632
S S TAN MEDICAL CLINIC,103.834049245981,1.42934172925679,195 YISHUN ST 72,67583952
S Y NG CLINIC,103.839283930976,1.36749458035082,631 ANG MO KIO AVE 1,64528144
S. T. MEDICAL CLINIC,103.926153139378,1.33312991887155,694 BEDOK NORTH ST. 3,64440159
SAINT-JULIEN CLINIC FOR DIABETES &amp; ENDOCRINOLOGY,103.837601926607,1.34182282043215,58 THOMSON ROAD,62585891
SASCO CLINIC,103.971406335226,1.35040770161178,&lt;Null&gt; CHANGI NORTH WAY,65420403
SATA CommHealth Ang Mo Kio Medical Centre,103.845927987274,1.37099726405568,4008 &amp; 4010 ANG MO KIO AVENUE 6,62446688
SATA CommHealth Jurong Medical Centre,103.739676885463,1.33382540751712,345 Jurong Gateway Road,62446688
SATA CommHealth Tanjong Pagar Clinic,103.84311774345,1.27712012192348,103 TANJONG PAGAR PLAZA,62446688
SEASONS CLINIC,103.936530873297,1.35210583556465,139 TAMPINES ST 82,67877836
SENJA GATEWAY FAMILY CLINIC,103.758433939114,1.38650187015911,03 SENJA ROAD,62197956
SH TAN KIDNEY AND MEDICAL CLINIC,103.820124456725,1.3070615642474,18 NAPIER ROAD,64765087
SHENTON CLINIC,103.724307319672,1.3483333572198,464 JURONG WEST ST 41,65654442
SIMEI CLINIC &amp; SURGERY,103.95361721727,1.34349804589631,132 SIMEI ST 3,67855021
SIMEI MEDICAL CENTRE,103.95361721727,1.34349804589631,104 SIMEI ST 3,67814823
SIMON ROAD FAMILY CLINIC,103.88593892821,1.36177298966239,&lt;Null&gt; SIMON ROAD,62878755
SINCERE MEDICAL &amp; DENTAL CLINIC,103.836966390664,1.43672478429251,285 YISHUN ST 22,67525078
SINGAPORE FAMILY CLINIC &amp; SURGERY,103.744276460475,1.34747947809049,284 BUKIT BATOK ST 11,65679981
SINGAPORE FAMILY CLINIC &amp; SURGERY (HOUGANG),103.890093177136,1.35277393286123,1299 HOUGANG AVE 1,62849692
SINGAPORE FAMILY CLINIC &amp; SURGERY (WOODLANDS),103.799494171179,1.44087378957268,114 WOODLANDS DRIVE 70,63647450
SINGAPORE TECHNOLOGIES AEROSPACE MEDICAL CENTRE,103.896582332527,1.35065096259718,"&lt;Null&gt; AIRPORT RD, PAYA LEBAR",63806245
SINGAPORE TECHNOLOGIES ELECTRONICS LIMITED (IN-HOUSE MEDICAL CLINIC),103.849272321026,1.3916030313706,&lt;Null&gt; ANG MO KIO ST 65,62277777
SINGAPURA CLINIC,103.849843762265,1.29884587563189,27 BENCOOLEN ST,63361181
SM HANEEFA CLINIC,103.92488389348,1.32691137477841,23 CHAI CHEE ROAD,62434237
SP CLINIC,103.767979335898,1.37730128054993,224 PENDING RD,67660286
SRC Medical Centre,103.71395110792,1.28163643434488,&lt;Null&gt; Merlimau Road,63570116
ST ANDREW'S MISSION HOSPITAL CLINIC (ELLIOT ROAD),103.929750021329,1.31075791672755,&lt;Null&gt; ELLIOT ROAD,65173806
ST ANDREW'S MISSION HOSPITAL CLINIC (SIMEI),103.948799458403,1.34168650498807,&lt;Null&gt; SIMEI STREET 3,65861025
ST GEORGES CLINIC AND SURGERY,103.861107276896,1.32258735163187,105 ST GEORGE'S RD,62984833
ST KINETICS IN-HOUSE CLINIC,103.714256754802,1.34141426965057,&lt;Null&gt; JALAN BOON LAY,66607184
STARCARE CLINIC AND SURGERY  PTE. LTD.,103.749382188619,1.34624866175981,108 BUKIT BATOK ST 21,65616878
Sia &amp; Yeo Hougang Clinic Pte Ltd,103.88755572228,1.3775565116588,21 Hougang Street 51,63861426
Silver Cross Family Clinic,103.718334683532,1.35050127648086,803 Jurong West Ave 1,68992141
Silver Cross Family Clinic,103.775276992982,1.34235722053848,&lt;Null&gt; CHEONG CHIN NAM ROAD,68751191
Silver Cross Family Clinic (Serangoon),103.872043548708,1.35323084577518,109 Serangoon Central Drive,62878702
ROCHOR MEDICAL CENTRE,103.855218715931,1.30658850151914,156 VEERASAMY ROAD,97873633
ROWELL CLINIC &amp; SURGERY,103.856495249842,1.30778051409105,115 ROWELL ROAD,62920338
ROYAL MEDICAL CENTRE,103.782059433299,1.43794381737739,84 WOODLANDS ST 13,63656855
RUBY MEDICAL CENTRE PTE LTD,103.945616070638,1.35554848228513,339 TAMPINES CENTRAL 1,67837847
Radiant Medical + Aesthetic Centre,103.89336998978,1.37158744039632,220 HOUGANG CENTRAL,68812387
Radlink Medicare,103.942027827131,1.35344127649856,13 TAMPINES CENTRAL 6,67857515
RafflesMedical,103.785981513783,1.43607005883727,20 Woodlands Square,68940777
RafflesMedical,103.927990975274,1.32565628471643,489 BEDOK NORTH ST 1,64411736
RafflesMedical,103.923185592862,1.31260423076894,11/12 SIGLAP ROAD,64420488
RafflesMedical,103.990348825179,1.36173580464664,10 SINGAPORE CHANGI INTERNEATIONAL,65431113
RafflesMedical,103.844748631654,1.35891907140513,177 BISHAN STREET 22,64567122
RafflesMedical,103.8527683243,1.29376028146849,17 North Bridge Road,63396911
RafflesMedical,103.964598499537,1.36645364049087,33 PASIR RIS STREET 21,65853333
RafflesMedical,103.740177518805,1.33451257366942,267 Jurong Gateway Road,68996688
RafflesMedical,103.989067262669,1.35497072530029,053 AIRPORT BOULEVARD,65431118
RafflesMedical,103.852133226206,1.28469770057529,02A RAFFLES PLACE,65342900
RafflesMedical,103.845738587261,1.27452180672133,51 ANSON ROAD,62252188
RafflesMedical,103.858578088782,1.29185533302293,212 Raffles Boulevard,63396644
RafflesMedical,103.848854818027,1.33390034090032,170 Toa Payoh Central,62547667
RafflesMedical,103.805009964275,1.28861469011629,41 ALEXANDRA ROAD,64793818
RafflesMedical,103.98656220853,1.35662609392574,67 Airport Boulevard Departure Hall,62418333
RafflesMedical,103.820243324874,1.2639699121763,56 MARITIME SQUARE,62733078
RafflesMedical,103.834676124776,1.3024241718604,06 ORCHARD RD,67347355
RafflesMedical,103.94507175162,1.35425637775119,28 TAMPINES CENTRAL 1,62605116
RafflesMedical,103.818727592719,1.44954485606224,06/07 SEMBAWANG WAY,68537703
RafflesMedical,103.794825428122,1.33121182864238,03 SIXTH AVENUE,64623426
RafflesMedical,103.965686218971,1.33338200768018,11 CHANGI BUSINESS PARK CRESCENT,67819033
PHOENIX MEDICAL GROUP (PAYA LEBAR),103.892580778371,1.3188148698035,09 PAYA LEBAR ROAD,67022940
PHOON CLINIC AND SURGERY,103.914145075391,1.33205094619341,828 BEDOK RESERVOIR RD,64452119
PICTON MEDICAL CENTRE,103.844105024464,1.33206060678519,1012/1014 TOA PAYOH LOR 1,63541220
PIER MEDICAL CENTRE,103.697719623525,1.34545354926757,164 JURONG WEST AVE 5,67915677
PINNACLE FAMILY CLINIC,103.842399539311,1.294205695441,&lt;Null&gt; RIVER VALLEY ROAD,68366986
PIONEER MEDICARE,103.697237932753,1.33378307228305,08 SOON LEE STREET,63397422
PJ CLINIC,103.827180352617,1.2883007913453,49 BEO CRESCENT,62727818
POINT MEDICAL GROUP (TAMAN JURONG),103.720462024234,1.33484487476944,31 YUNG SHENG ROAD,62656587
POW FAMILY CLINIC &amp; SURGERY,103.883776446312,1.37019818129924,264 HOUGANG AVE 8,62878105
PRAISE FAMILY CLINIC,103.935147321662,1.35881526999749,75 TAMPINES ST 72,67843785
PREMIER CLINIC &amp; SURGERY PTE LTD,103.840735651129,1.37955728149785,936 ANG MO KIO AVE 4,64562982
PRIME MEDICAL GROUP PTE LTD,103.835857545111,1.30387230856457,11/12 ORCHARD ROAD,67328096
PRINCETON FAMILY CLINIC PTE LTD.,103.77076830515,1.3835804459358,546 FAJAR RD,67622278
PRO-LIFE MEDICAL ASSOCIATES,103.744393648371,1.37736607411233,20 CHOA CHU KANG AVE 1,67646717
PROCROSS MEDICAL CENTRE,103.895153601889,1.37878098225424,509 HOUGANG AVENUE 10,67022848
PROHEALTH 24-HOUR MEDICAL CLINIC,103.773310086642,1.37704293097593,18 BUKIT PANJANG RING RD,67652115
PROHEALTH MEDICAL GROUP @ BUANGKOK PTE LTD,103.893713485412,1.38290495770236,01(UNIT 12) COMPASSVALE LINK,64818066
PROHEALTH MEDICAL GROUP @LRT FERNVALE PTE LTD,103.876330395063,1.39255040576974,04 FERNVALE ROAD,64411672
PROVIDENCE CLINIC @ BALESTIER,103.850395374008,1.32572472592449,45 BALESTIER ROAD,64710301
PSALMS FAMILY CLINIC,103.837605236392,1.43611425443561,217 YISHUN ST 22,67583309
PUBLIC MEDICAL CLINIC &amp; SURGERY,103.841074642965,1.42019986559098,275 YISHUN AVE 4,67756539
PUNGGOL FAMILY CLINIC PTE. LTD.,103.913047323352,1.39423719658921,13 PUNGGOL FIELD,63439989
Pacific Healthcare Specialist Centre,103.835857545111,1.30387230856457,01 ORCHARD ROAD,62388566
STERLING CLINIC &amp; SURGERY,103.876132956821,1.35047535988703,64 LOR LEW LIAN,62849971
STERLING FAMILY CLINIC,103.939208398887,1.3317824504306,41 BEDOK NORTH ST 4,68761654
STEWARD CLINIC,103.970231053813,1.37155265438628,01 LOYANG LANE,65460978
STREET 11 CLINIC,103.944509227628,1.34616073950702,12 TAMPINES ST 11,65882139
STREET 21 CLINIC (TAMPINES),103.953009919289,1.35345315773138,1097 TAMPINES ST 21,67857888
SUMMIT MEDICAL CLINIC,103.841432372506,1.37992681961032,956 ANG MO KIO AVE 4,98765632
SUNBEAM MEDICAL CLINIC,103.769732692211,1.38057053055549,76 FAJAR ROAD,66100968
SUNNYVALE CLINIC &amp; SURGERY,103.724307319672,1.3483333572198,466 JURONG WEST ST 41,65670554
Sata CommHealth Uttamram Medical Centre,103.921391376569,1.32774293711213,&lt;Null&gt; CHAI CHEE STREET,62446688
Sata CommHealth Woodlands Medical Centre,103.786930895563,1.43501829556306,01 SOUTH WOODLANDS DR,62446688
Sembawang Mart Medical Centre,103.819619637773,1.45381164562872,02A CANBERRA ROAD,64819793
Shenton Family Medical Clinic,103.934734222326,1.32062504896158,67 BEDOK SOUTH ROAD,64439428
Shenton Family Medical Clinic,103.862002015014,1.32058609482484,268 (Lower Floor) TOWNER ROAD,63910860
Shenton Medical Group,103.819139250561,1.26477806953763,04 HarbourFront Place,63775727
Shenton Medical Group,103.850836660187,1.28319353220085,22 Raffles Place,62360180
Shenton Medical Group,103.851899818693,1.28118338740822,02 Raffles Quay,63277273
Shenton Medical Group,103.941978174961,1.37860239755801,324B ELIAS ROAD,65855768
Shenton Medical Group,103.836340953733,1.30206450544371,01 ORCHARD ROAD,62383631
Shenton Medical Group,103.706685012636,1.33945271689006,17E/F/G/H JURONG WEST CENTRAL 2,67915100
Shenton Medical Group,103.846115154676,1.29870130662953,01 ORCHARD ROAD,63389775
Shenton Medical Group,103.893121564786,1.38287785814722,04 SENGKANG CENTRAL,63153671
Shenton Medical Group,103.963121876422,1.33587114071064,03 CHANGI BUSINESS PARK AVENUE 1,66362490
Shenton Medical Group,103.786712149582,1.43697563027389,47/48/49 WOODLANDS AVENUE 2,63639415
Shenton Medical Group,103.871939623606,1.35386322682415,59 SERANGOON CENTRAL DRIVE,64876580
Shenton Medical Group,103.894894916119,1.31899666916107,02 EUNOS ROAD 8,68488018
Shifa Clinic (Jurong),103.719222201398,1.3498122539352,277 Jurong West Street 51,64698941
Shine Family Clinic,103.723241115985,1.35057698682553,560 JURONG WEST STREET 41,96406495
SHENTON FAMILY MEDICAL CLINIC,103.845682929328,1.37262841649549,4208 ANG MO KIO AVENUE 6,65545130
SHENTON FAMILY MEDICAL CLINIC,103.841261035114,1.2770347346046,02 CANTONMENT ROAD,65095260
SHENTON FAMILY MEDICAL CLINIC,103.765476756799,1.31248298515823,309 CLEMENTI AVENUE 3,67739150
SHENTON FAMILY MEDICAL CLINIC (BEDOK RESERVOIR),103.921663304271,1.33786042599126,3065 BEDOK RESERVOIR ROAD,64435936
SHENTON FAMILY MEDICAL CLINIC (BUKIT GOMBAK),103.751213742333,1.35866916669776,378 BUKIT BATOK STREET 31,65665671
SHENTON FAMILY MEDICAL CLINIC (TAMPINES),103.95358649146,1.35226231434868,1137 Tampines Street 21,67845291
SHENTON FAMILY MEDICAL CLINIC (YISHUN),103.833344538803,1.43241454598936,200 Yishun Street 11,68516233
SHENTON MEDICAL GROUP,103.848431239752,1.34326295418684,00 TOA PAYOH NORTH,63192020
SHENTON MEDICAL GROUP,103.876581651902,1.32530104038998,&lt;Null&gt; GENTING LANE LEVEL 4,63191637
SHENTON MEDICAL GROUP,103.845923683338,1.27588670506393,01 ANSON RD,62202911
SHENTON MEDICAL GROUP,103.717659883309,1.32202296189094,&lt;Null&gt; Jurong Port Road,63196692
SHENTON MEDICAL GROUP,103.852068573825,1.28361967552216,01 COLLYER QUAY,65079730
SHENTON MEDICAL GROUP,103.822038714188,1.25703864432847,01 Sentosa Gateway,62382582
SHENTON MEDICAL GROUP,103.87448481088,1.32540166155619,&lt;Null&gt; KALLANG WAY LEVEL 1,68400123
SHENTON MEDICAL GROUP,103.854548750788,1.27972480070446,76 MARINA BOULEVARD,66345620
SHIFA CLINIC &amp; SURGERY,103.851478219833,1.30758123998383,18/20 CHANDER RD,62957667
SIA FAMILY CLINIC AND SURGERY,103.895865169689,1.31483950172919,367 HAIG RD,67428480
SIGLAP CLINIC PTE LTD,103.911720115565,1.3094827629206,08 TELOK KURAU ROAD,63488389
SILVER CROSS FAMILY CLINIC,103.834641578841,1.41678634673031,3661 YISHUN RING ROAD,67599181
SILVER CROSS MEDICAL CENTRE PTE LTD,103.795257905208,1.31177848862949,&lt;Null&gt; HOLLAND AVENUE,64622818
TRINITY MEDICAL (PUNGGOL),103.901262391636,1.40230301339403,880 PUNGGOL PLACE,66948238
TSI &amp; PARTNERS FAMILY CLINIC,103.873778334173,1.36934534973631,01 Serangoon North Avenue 2,63834818
TWIN CITY MEDICAL PRACTICE,103.834676124776,1.3024241718604,10 ORCHARD ROAD,62352511
Tampines Medical Centre,103.949259231371,1.35077278781866,41 Tampines Street 21,67815111
Tan &amp; Yik Clinic &amp; Surgery,103.849316086331,1.34780072006705,36 Bishan Street 12,62584122
Tayka Medical,103.854887567366,1.30946168726875,&lt;Null&gt; DESKER ROAD,63924473
Tayka Medical Family Clinic,103.717048366415,1.34767189579587,323 JURONG WEST STREET 52,65645528
Telok Blangah Medical Centre,103.808817449826,1.27394153220243,244 Telok Blangah Drive,62782727
The Clinic @ Aperia,103.864326436374,1.30971120681574,15 KALLANG AVENUE,63416892
The Family Clinic @ Towner,103.861087462865,1.3194253904476,202 Towner Road,62950995
The Family Physician Clinic,103.871416978846,1.37368392969701,02 SERANGOON NORTH AVENUE 3,65551828
The Family Practice@ Skyville,103.809758591462,1.29531966312392,06 DAWSON ROAD,62551382
The Good Life Medical Center,103.837601926607,1.34182282043215,57 THOMSON ROAD,67785620
The Hale Medical Clinic,103.862626111045,1.30104742223304,01B BEACH ROAD,62944877
The Heart Doctors Clinic,103.837601926607,1.34182282043215,56 THOMSON ROAD,62565680
The New Teban Clinic,103.738292803759,1.32213636288773,20 TEBAN GARDENS ROAD,65663770
The Pinnacle Medical Centre @ Maritime,103.840350063969,1.27661793625935,06 CANTONMENT ROAD,62252771
The Rafflesian Clinic &amp; Surgery,103.844160737727,1.32070490276365,06 SINARAN DRIVE,63382740
The Singapore Clinic for Kidney Diseases (Pte Ltd),103.83543933754,1.30516521414843,01 MOUNT ELIZABETH,67353513
The iClinic,103.826785447839,1.28569742860795,08 JALAN MEMBINA,62713135
Tng Family Clinic,103.848576334379,1.3673385832612,2126 Ang Mo Kio Ave 3,64541203
Tong Clinic &amp; Surgery,103.847677034523,1.36462540282453,05 ANG MO KIO STREET 31,64528311
PanHealth Family Clinic,103.900614671741,1.41135309600299,03 SUMANG LINK,69660595
Pariqua Clinic,103.866812029635,1.32339741230351,1463 Bendemeer Road,62921351
Parklane Medical Centre,103.849448611741,1.30064530182235,25A SELEGIE ROAD,63346778
Parsons Medical Clinic Pte Ltd,103.833261316719,1.42214461370228,1541 YISHUN AVENUE 2,64846010
Trinity Medical &amp; Aesthetic Clinic,103.957268859362,1.34575482690873,33 Simei Street 1,62602822
Trinity Medical (Shenton),103.848408631153,1.27698070731188,10 SHENTON WAY,62279918
Trinity Medical Clinic,103.784548440285,1.30735380274291,01 DOVER CRESCENT,67788868
Tzu Chi Free Clinic (Singapore),103.818758492368,1.28499476970184,400 Redhill Close,64795974
Tzu Chi Free Health Screening and Medical Clinic,103.729955700775,1.34947012262854,138 JURONG EAST STREET 31,65692236
UNIHEALTH 24-HR CLINIC (TOA PAYOH),103.849264521174,1.33358025833911,218 TOA PAYOH CENTRAL,62031639
UNION MEDICAL CLINIC &amp; SURGERY,103.872613997797,1.36934726838427,330 SERANGOON NORTH AVE 1,62823357
UNITED HEALTH FAMILY CLINIC &amp; SURGERY,103.837005089082,1.41770409901084,63 YISHUN STREET 61,62571182
UNITED MEDICAL CLINIC,103.858221510781,1.3062151643151,144 JLN BERSEH,62963664
UNITED MEDICAL PRACTITIONERS PTE. LTD.,103.944509227628,1.34616073950702,16 TAMPINES ST 11,67812281
UNIVERSAL MEDICAL CLINIC,103.828892847597,1.43136934942084,99 YISHUN RING ROAD,67589955
UNIVERSAL MEDICAL CLINIC,103.838640088313,1.43434549124998,460 YISHUN ST 21,67589696
UNIVERSAL MEDICAL CLINIC,103.742831711196,1.34771697452826,144 BUKIT BATOK ST 11,65639955
USRAH MEDICAL CLINIC,103.931051496618,1.33212313297845,25 BEDOK NORTH ST 3,64414139
VERNON CLINIC &amp; SURGERY,103.861851786724,1.30294523500619,25/26 JALAN SULTAN,62940244
Victor's Family Clinic,103.843423249834,1.33176643075137,1032 Toa Payoh Lorong 1,63532885
Victoria Medical House,103.79531438351,1.43712301469139,739 WOODLANDS DRIVE 50,63647551
Vienna Medical Clinic,103.845237964378,1.28176017966735,&lt;Null&gt; SOUTH BRIDGE ROAD,97308800
Vitacare Family Clinic (Punggol Central),103.910536918863,1.40053114978877,05 PUNGGOL CENTRAL,66360805
Viva Medical Clinic,103.952252183693,1.3583606899467,356 Tampines Street 42,67828020
Viva Medical Group,103.94038160042,1.35727594435024,08 TAMPINES CENTRAL 8,67828020
Viva Medical Group (Westside),103.766131307482,1.30369753962353,81 WEST COAST ROAD,67779069
W P SIM FAMILY CLINIC &amp; SURGERY,103.872312298307,1.36995099695447,548 SERANGOON NORTH AVE 1,62889924
W Y TEH FAMILY CLINIC AND SURGERY,103.955111125692,1.35901318154721,60 TAMPINES STREET 44,67836802
W. H. YAK FAMILY CLINIC,103.933835585523,1.32325013385231,644 NEW UPPER CHANGI RD,64431561
WAN Medical Clinic,103.930684870619,1.32840382792772,21 BEDOK NORTH AVENUE 2,62438352
WEE MEDICAL CLINIC,103.7674169862,1.31741204144044,342 CLEMENTI AVE 5,67775755
WEE'S CLINIC &amp; SURGERY,103.930036524412,1.32856421162875,79 BEDOK NORTH AVE 2,64445316
WEN &amp; WENG FAMILY CLINIC,103.822534715116,1.45026201893023,03 CANBERRA LINK,62571198
WEST COAST CLINIC &amp; SURGERY (CLEMENTI WEST) PTE LTD,103.763757923956,1.30291220092747,162 CLEMENTI WEST ST 2,67770183
WEST POINT SURGERY CENTRE,103.723007567861,1.331074067321,&lt;Null&gt; CORPORATION DRIVE,62625858
WHAMPOA CLINIC,103.855171553982,1.32324727008806,863 WHAMPOA DR,62521020
WINSTEDT CLINIC,103.853340187577,1.30621807502857,&lt;Null&gt; UPPER WELD ROAD,62922975
WONG CLINIC &amp; SURGERY,103.771350557955,1.31427860262579,135 CLEMENTI AVE 2,67760124
WONG CLINIC AND SURGERY,103.855103690663,1.36454170930942,997 ANG MO KIO AVE 10,64548361
S AND L FAMILY CLINIC,103.838640088313,1.43434549124998,446 YISHUN ST 21,62576885
S G CLINIC FAMILY PRACTICE,103.864989329633,1.36435943909677,&lt;Null&gt; SERANGOON GARDEN WAY,63821988
S K TAY CLINIC &amp; SURGERY,103.933719246548,1.34972149524476,140 TAMPINES ST 81,67836611
Spring Medical Clinic (Old Airport Road),103.885092299821,1.3078206028427,03 Jalan Tiga,62477077
St Luke's Outpatient Clinic,103.742182351689,1.34960041152607,&lt;Null&gt; BUKIT BATOK STREET 11,68953230
St. Andrew's Mission Hospital Clinic (Kampong Glam),103.864815778287,1.30434622852592,4919 BEACH ROAD,62911861
Standard Clinic &amp; Surgery,103.896823893769,1.40541353684286,05 PUNGGOL WAY,64441950
Sunshine Clinic Family Practice &amp; Surgery,103.950658404772,1.35830242158724,02 TAMPINES STREET 42,67833122
Swiss Clinic,103.795692352825,1.33081740087484,01 FIFTH AVENUE,64673218
T S WONG CLINIC &amp; SURGERY,103.775400477604,1.43363334038284,523 WOODLANDS ST 13,63688670
TAI SENG CLINIC,103.886168764355,1.33878990989208,&lt;Null&gt; UPPER PAYA LEBAR RD,62882434
TAMPINES 24-HR FAMILY CLINIC,103.95358649146,1.35226231434868,1151 TAMPINES ST 21,67867228
TAMPINES CLINIC AND SURGERY PTE LTD,103.944509227628,1.34616073950702,10 TAMPINES ST 11,67810072
TAMPINES MEDILIFE CLINIC,103.938014036838,1.34719233083724,263 TAMPINES AVE 4,67825142
TAN &amp; KOH CLINIC &amp; SURGERY,103.909992224751,1.33130517766993,196 Bedok Reservoir Rd,67452288
TAN LEE CLINIC &amp; SURGERY,103.957726864829,1.37030619330394,126 PASIR RIS DR 6,65827448
TAN MEDICAL CLINIC PTE LTD,103.849115818814,1.36506492203831,1583 ANG MO KIO AVE 1,64530482
TAN MEDICARE CLINIC PTE LTD,103.840408652686,1.38010475022232,986 ANG MO KIO AVE 4,64544211
TAN'S T &amp; T CLINIC AND SURGERY,103.85464173345,1.34566284661244,213 BISHAN ST 11,63531133
TAN-TEOH CLINIC &amp; SURGERY,103.861087462865,1.3194253904476,216 TOWNER RD,62992292
TAN-TEOH CLINIC &amp; SURGERY (ANG MO KIO BRANCH),103.845660198618,1.36708983210499,1846 ANG MO KIO AVE 3,64520818
TANGLIN HALT CLINIC,103.798919730608,1.29755710019938,119Q TANGLIN HALT RD,96336636
TANJONG PAGAR MEDICAL CLINIC,103.842393165081,1.27559619367244,06 TANJONG PAGAR PLAZA,64433101
TAY CLINIC,103.885031114708,1.31332638968642,&lt;Null&gt; GEYLANG RD,67446336
TAY MEDICAL CENTRE CLINIC &amp; SURGERY,103.795264616726,1.30711568648456,28 HOLLAND CLOSE,67793188
TC FAMILY CLINIC PTE LTD,103.717048366415,1.34767189579587,325 JURONG WEST ST 52,65666687
TEBAN GARDEN CLINIC,103.738292803759,1.32213636288773,01 TEBAN GARDENS RD,65619052
LIFELINE BUKIT PANJANG MEDICAL CLINIC,103.768538441068,1.37867070866305,37 GANGSA ROAD,67605788
LIFELINE MEDICAL CENTRE,103.761522235536,1.3062627351794,261 CLEMENTI WEST ST 2,67772891
LIFELINE MEDICAL GROUP,103.901841043722,1.38533736141001,18 RIVERVALE DRIVE,68812392
Peace Family Clinic (WL832),103.790761499043,1.43966937731897,71 WOODLANDS STREET 83,63634357
Phoenix Medical Group,103.869135978399,1.38739539357684,11 SELETAR ROAD,65553512
Phoenix Medical Group (Hillview),103.764172920441,1.36267450798795,20 Hillview Rise,67107157
Pidemco Medical Centre Pte Ltd,103.83356775674,1.43188761931109,112 YISHUN ST 11,67560606
Platinum Medical Centre pte ltd,103.84454347357,1.41840136090371,02 YISHUN STREET 51,62571134
Pristine Medical Clinic,103.723241115985,1.35057698682553,582 JURONG WEST STREET 41,65693445
ProHealth Medical Group @ Punggol Damai Pte Ltd,103.908665597742,1.40461003130686,05 PUNGGOL DRIVE,65091580
ProHealth Medical Group @Fernvale Pte Ltd,103.876125506847,1.39147015412056,18 SENGKANG WEST AVENUE,68864780
ProHealth Medical Group @Taman Jurong Pte Ltd,103.720462024234,1.33484487476944,56 YUNG SHENG ROAD,62682628
Procross Medical Clinic,103.807925410056,1.44438629268417,86 WOODLANDS DRIVE 75,62199648
Prohealth Medical Group @ Jurong West Pte Ltd,103.699849207206,1.33945454397838,02 JURONG WEST STREET 62,65158784
Prohealth Medical Group @Punggol Spectra Pte. Ltd.,103.910536918863,1.40053114978877,02 PUNGGOL CENTRAL,64447701
Providence Clinic @ Redhill,103.818673591845,1.28692006254835,596 REDHILL CLOSE,64710301
Providence Orthopaedics,103.844226252968,1.32214655194262,54 IRRAWADDY ROAD,66842330
Prudence Family Clinic,103.849881703096,1.34962234945764,524 BISHAN STREET 13,62515512
Punggol Ripples Family Clinic,103.899198537951,1.40093563180976,667 PUNGGOL WALK,65383707
Q &amp; M MEDICAL &amp; AESTHETIC CLINIC (FARRER PARK),103.856624587157,1.31142114315132,13/14 KITCHENER ROAD,65099558
Q &amp; M MEDICAL &amp; AESTHETIC CLINIC (TAMPINES CENTRAL) PTE. LTD.,103.94507175162,1.35425637775119,18/19 TAMPINES CENTRAL 1,67813323
Q &amp; M Medical Family Clinic,103.872043548708,1.35323084577518,115 SERANGOON CENTRAL DRIVE,67797440
RAFFLES EXECUTIVE MEDICAL CENTRE,103.857465501674,1.30118153029334,&lt;Null&gt; NORTH BRIDGE ROAD,63112288
RAFFLESMEDICAL,103.745011766594,1.38497459642163,07A CHOA CHU KANG AVE 4,67653363
RAFFLESMEDICAL,103.847529279188,1.37224394014512,2825 ANG MO KIO AVE 8,64532288
RAFFLESMEDICAL,103.893668163417,1.37119603325425,180 HOUGANG CENTRAL,63867896
YEO CLINIC,103.74450960652,1.35159086984274,447 BT BATOK WEST AVE 6,65660601
YEO'S Clinic,103.770861088487,1.31351386363617,221 Clementi Avenue 2,67790790
YIM CLINIC,103.828789865619,1.28636578125936,03/04/05 BOON TIONG ROAD,62707587
YIM MEDICAL CENTRE (ADMIRALTY MRT),103.801293104547,1.43998366603152,722 WOODLANDS AVE 6,68939181
YISHUN RING ROAD CLINIC,103.838999957197,1.4341728202047,1010 YISHUN RING ROAD,62577202
YISHUNONE FAMILY CLINIC,103.833671016582,1.42989983396484,534 YISHUN AVENUE 5,67590950
YONG CLINIC &amp; SURGERY,103.839186936926,1.41856736772629,06 YISHUN ST 61,67531803
YOONG FAMILY CLINIC &amp; SURGERY,103.961129743645,1.35335719500391,536 TAMPINES ST 32,67826167
YSL ALJUNIED CLINIC &amp; SURGERY PTE LTD,103.879898474189,1.33372866023635,42 UPPER ALJUNIED LANE,63430626
YSL BEDOK CLINIC &amp; SURGERY,103.925307290309,1.33131386611816,631 BEDOK NORTH STREET 3,62452684
Yio Chu Kang MRT Clinic Pte Ltd,103.842378423284,1.38076896102342,5125 Ang Mo Kio Ave 6,64598278
ZENITH MEDICAL CLINIC,103.897805221313,1.40515419804645,374 PUNGGOL WAY,64433678
Zam Family Clinic,103.743525075344,1.39095082434006,66 CHOA CHU KANG STREET 51,67690302
banyan clinic @ jw,103.718334683532,1.35050127648086,817 JURONG WEST AVENUE 1,68991161
dr. W Medical Clinic,103.805373812286,1.3164119007052,09 EMPRESS ROAD,64754262
iCare Medical and Wellness Clinic,103.828824191963,1.28874603715135,701 HAVELOCK ROAD,62746858
TEK DISPENSARY,103.855541063592,1.33904479825412,115 TOA PAYOH LOR 7,62512256
TEMASEK CLINIC &amp; SURGERY,103.943971359098,1.31983803124969,460 BEDOK SOUTH AVENUE 3,64436113
TEMASEK MEDICAL CLINIC,103.854334496723,1.34064293669782,41 TOA PAYOH LOR 8,62523206
TEMASEK MEDICAL CLINIC,103.938989345549,1.33254084334589,177 BEDOK NORTH ST 4,64430949
TENG CLINIC,103.803846935065,1.29073246215162,1101 STIRLING ROAD,64733187
TEO CLINIC &amp; SURGERY PTE LTD,103.771350557955,1.31427860262579,111 CLEMENTI AVE 2,67760216
TEOH CLINIC FAMILY PRACTICE,103.854030352437,1.33691029798685,142 LORONG 6 TOA PAYOH,62555188
TH Chia Medical Practice,103.873778334173,1.36934534973631,19 SERANGOON NORTH AVENUE 2,62813268
THAI SHEN FAMILY CLINIC PTE LTD,103.939208398887,1.3317824504306,65 BEDOK NORTH ST 4,64448134
THE BALMORAL CLINIC,103.876473975459,1.30230108383089,21 STADIUM WALK,63452202
THE BALMORAL CLINIC  FAMILY MEDICINE,103.835487584763,1.31643962977813,12 BUKIT TIMAH RD,67322033
THE BISHAN FAMILY DOCTORS,103.844748631654,1.35891907140513,181 BISHAN ST 22,64546698
THE CHELSEA CLINIC (ROCHESTER),103.788347370425,1.3053512123527,21 ROCHESTER DRIVE,65703913
THE CHUNGKIAW FAMILY PRACTICE PTE LTD,103.840356912641,1.38403248453032,06 ANG MO KIO AVE 9,64551009
THE CIVIC CLINIC,103.924236461317,1.33177300798313,515 BEDOK NORTH ST 3,64412436
THE CLINIQ,103.826654919933,1.45035573243708,23 MONTREAL LINK,67107635
THE CORONATION CLINIC,103.809999570462,1.32383512138279,01 BUKIT TIMAH ROAD,64686768
THE DOCTOR'S CLINIC,103.724496794909,1.35192513121743,318 JURONG WEST AVE 1,65669901
THE EDINBURGH CLINIC,103.742877957315,1.38495672481148,685 CHOA CHU KANG AVE 4,67634500
THE FAMILY MEDICAL CENTRE,103.847404278661,1.42574178896368,1827 YISHUN RING ROAD,62574522
THE FAMILY PRACTICE CLINIC &amp; SURGERY,103.800270024775,1.30659244995668,723 COMMONWEALTH DR,64748394
THE FAMILY PRACTICE-POTONG PASIR,103.867774260572,1.33235436007391,33 POTONG PASIR AVE 1,62816906
THE FLAME TREE MEDICAL CENTRE,103.83443461882,1.35276818506419,&lt;Null&gt; UPPER THOMSON ROAD,64512818
THE HEALER CLINIC + SURGERY,103.873115537646,1.37012983432546,452 SERANGOON NORTH AVENUE 1,62859866
THE MEDICAL AND AESTHETIC CLINIC PTE LTD,103.883265346401,1.31503870948957,&lt;Null&gt; SIMS AVENUE,67425155
THE PEOPLE'S CLINIC,103.752466180503,1.38150521745612,161 TECK WHYE AVE,67693766
THOMAS CLINIC &amp; SURGERY,103.812007084733,1.27570500813771,97 TELOK BLANGAH HEIGHTS,62704354
TIONG BAHRU MEDICAL CENTRE,103.829293526459,1.28503428566542,&lt;Null&gt; KIM TIAN ROAD,62727966
TOH GUAN FAMILY CLINIC,103.744937236151,1.34155988951462,02 TOH GUAN ROAD,65666966
TOWN CLINIC,103.860481764344,1.30097707775281,00 BEACH ROAD,62981456
TOWN HALL CLINIC PTE LTD,103.800740309529,1.27772501697791,02 ALEXANDRA ROAD,62788089
TP  SIM FAMILY CLINIC &amp; SURGERY,103.849539926552,1.34852452301956,378 BISHAN STREET 11,63538010
WONG FAMILY CLINIC &amp; SURGERY PTE LTD,103.908688936297,1.3314132488747,68 BEDOK RESERVOIR RD,68461613
WOODLANDS CLINIC,103.778613439736,1.43847983984906,204 MARSILING RISE,62696681
WU CLINIC &amp; SURGERY,103.739259690046,1.34256242271994,78 JURONG EAST ST 24,65611672
Waheeda's Clinic &amp; Surgery,103.851567478911,1.3069652340278,01 KERBAU ROAD,&lt;Null&gt;
Well Family Clinic &amp; Surgery,103.857024005426,1.37119666410334,1948 Ang Mo Kio Avenue 10,64549519
WellCare Family Clinic,103.833488111412,1.4282255436276,106 YISHUN STREET 72,67543740
Winsome Medical &amp; Dental Center,103.856326403138,1.32400427512331,915 Whampoa Dr,62544568
Wong Clinic,103.925307290309,1.33131386611816,603 Bedok North Street 3,62412267
Woodgrove Medical,103.78113688297,1.42919469073702,03/04 WOODLANDS AVENUE 1,63668831
Y M CHAN CLINIC &amp; SURGERY,103.945792875721,1.35782898267538,31 TAMPINES ST 41,67831806
Y T LIM CLINIC,103.953009919289,1.35345315773138,1067 TAMPINES ST 21,67825977
YANG &amp; CHIN MEDICAL &amp; DENTAL ASSOCIATES YANG ING SHYONG MEDICAL &amp; AESTHETIC CLINIC,103.944509227628,1.34616073950702,30 TAMPINES ST 11,67819192
YANG &amp; YAP CLINIC AND SURGERY (PTE LTD) / DR YANG ING HONG MEDICAL AND AESTHETIC CLINIC,103.924236461317,1.33177300798313,571 BEDOK NORTH ST 3,64412481
YAP FAMILY CLINIC,103.77802575812,1.43828189844288,230 MARSILING RISE,63626012
YAP WEE SEE RESPIRATORY AND SLEEP CLINIC,103.844226252968,1.32214655194262,27 IRRAWADDY ROAD,62684890
